# -*- coding: utf-8 -*-

# Resource object code
#
# Created by: The Resource Compiler for PyQt5 (Qt v5.15.2)
#
# WARNING! All changes made in this file will be lost!

from PyQt5 import QtCore

qt_resource_data = b"\
\x00\x00\xa6\x30\
\x89\
\x50\x4e\x47\x0d\x0a\x1a\x0a\x00\x00\x00\x0d\x49\x48\x44\x52\x00\
\x00\x02\x00\x00\x00\x02\x00\x08\x06\x00\x00\x00\xf4\x78\xd4\xfa\
\x00\x00\x00\x04\x73\x42\x49\x54\x08\x08\x08\x08\x7c\x08\x64\x88\
\x00\x00\x00\x09\x70\x48\x59\x73\x00\x00\x7d\xfc\x00\x00\x7d\xfc\
\x01\xe1\xaa\x2b\x9f\x00\x00\x00\x19\x74\x45\x58\x74\x53\x6f\x66\
\x74\x77\x61\x72\x65\x00\x77\x77\x77\x2e\x69\x6e\x6b\x73\x63\x61\
\x70\x65\x2e\x6f\x72\x67\x9b\xee\x3c\x1a\x00\x00\x20\x00\x49\x44\
\x41\x54\x78\x9c\xec\xdd\x77\x78\x54\x65\xf6\xc0\xf1\xef\x9d\x24\
\x84\x90\x84\x10\x7a\xef\xbd\x5a\x28\x22\x60\xa1\x88\x88\x62\x01\
\xdb\xba\x96\x75\xed\xae\xba\xee\xba\x6b\x59\xb7\xaf\xbb\xb6\xdd\
\x75\x7f\x2a\x20\x58\x50\x50\xa4\x49\xef\xbd\x4a\x27\x10\x6a\x08\
\x21\x01\xd2\x7b\x4f\x26\x93\x99\xdf\x1f\x2f\xa0\x86\x96\xe4\xbe\
\x93\x7b\x67\x72\x3e\xcf\x93\x07\x1f\x49\xce\x3d\x04\x32\x73\xee\
\x7b\xdf\xf7\x1c\x03\x71\x25\xcd\x81\x4e\x40\x9b\xb3\xff\xdd\x18\
\x68\x76\xf6\xd7\x48\x20\x0c\x08\x01\xea\x02\xe1\x40\xe0\x45\x62\
\xd4\x03\x82\x2f\xf2\xff\xb3\xcf\xfe\x5a\x00\x94\x01\x25\x40\x31\
\x50\x0e\x64\x00\xe9\x67\x7f\x4d\xf9\xd1\x7f\xa7\x01\xa9\x67\x7f\
\x2d\x31\xfb\x87\x13\x42\x08\x51\x3b\x19\x56\x27\x60\x43\x4d\x80\
\x3b\x81\xd1\xc0\x75\x40\x6b\x6b\xd3\xb9\x24\x0f\x90\x0c\xc4\x01\
\x27\xcf\x7e\xfc\xf8\xbf\x13\x01\xb7\x65\xd9\x09\x21\x84\xb0\x35\
\x29\x00\x14\x07\xea\x0d\xff\x45\x60\x14\x10\x60\x6d\x3a\x5a\x38\
\x81\x13\xc0\xc1\xb3\x1f\x87\xce\xfe\x7a\x02\x70\x59\x98\x97\x10\
\x42\x08\x1b\x90\x02\x00\xc6\x01\xff\x04\x7a\x59\x9d\x48\x0d\x29\
\x05\x8e\xf0\x43\x41\x10\x0d\xec\x46\x3d\x56\x10\x42\x08\x51\x4b\
\xd4\xe6\x02\xa0\x23\xf0\x29\x70\xb3\xd5\x89\xd8\xc4\x69\x54\x21\
\xb0\x1b\xd8\x75\xf6\xd7\xec\xcb\x7e\x85\x10\x42\x08\x9f\x55\x5b\
\x0b\x80\x27\x80\xff\xa2\x36\xf0\x89\x4b\x8b\xe5\x87\xa2\xe0\xfb\
\xb3\xbf\x3a\x2d\xcd\x48\x08\x21\x84\xa8\x86\x40\xe0\x6d\xd4\x06\
\x3a\xf9\xa8\xfa\x87\x13\x55\x04\xbc\x0d\xdc\x81\x3a\x05\x21\x84\
\x10\xc2\x07\xd5\xa6\x15\x80\x3a\xc0\x1c\xd4\x33\x7f\xa1\x47\x39\
\x70\x0c\xd8\x02\x6c\x05\x36\x00\xa7\xac\x4c\x48\x08\x21\x44\xe5\
\xd4\x96\x02\xa0\x0e\xb0\x10\xb8\xd5\xea\x44\x6a\x81\xc3\xc0\x5a\
\x60\x0d\xaa\x20\xc8\xb3\x34\x1b\x21\x84\x10\xb5\x96\x01\x7c\x89\
\xf5\xcb\xe7\xb5\xf1\xc3\xc5\x0f\x8f\x0c\x46\xa2\x9a\x25\x09\x21\
\x84\x10\x35\xe2\x55\xac\x7f\x23\x94\x0f\xf5\x51\x08\xac\x00\x7e\
\x07\xf4\xbb\xdc\x5f\x9a\x10\x42\x08\xef\xf2\xf7\x47\x00\xd7\xa0\
\x76\xaf\xd7\xb1\x3a\x11\x71\x51\x69\xc0\x4a\x60\x31\xb0\x0a\xc8\
\xb5\x36\x1d\x21\x84\xa8\x3d\xfc\xb9\x00\xa8\x03\x44\x01\x3d\xac\
\x4e\x44\x54\x4a\x29\xb0\x19\x58\x06\x2c\x05\x62\xac\x4d\x47\x08\
\x21\x84\xaf\xfa\x0d\xd6\x2f\x79\xcb\x47\xf5\x3f\x62\x81\xff\x43\
\xb5\x68\x96\x15\x1c\x21\x84\xd0\xcc\x5f\x57\x00\x22\x51\x03\x71\
\x22\xac\x4e\x44\x68\x91\x07\x2c\x07\x16\x9c\xfd\x55\x1e\x15\x08\
\x21\x84\xb8\xa8\xd7\xb1\xfe\x0e\x56\x3e\xbc\xf3\xe1\x42\xf5\x1d\
\x78\x09\xfb\x4e\x6a\x14\x42\x08\xdb\xf3\xc7\x15\x80\x40\x20\x01\
\x68\x69\x75\x22\xc2\xeb\x3c\xa8\x63\x86\x0b\x50\x7d\x1e\x0e\x59\
\x9b\x8e\x10\x42\xf8\x0e\x7f\x2c\x00\xc6\xa0\x36\x92\x69\xd5\xb6\
\x65\x13\xae\xed\xd3\x99\x0e\x6d\x9a\xd1\x28\x32\x9c\x86\x0d\xc2\
\x68\x1c\x59\x9f\x06\xf5\xc3\xa8\x1b\x1c\x44\x48\xdd\x3a\x84\xd4\
\x0d\xa6\x6e\x70\xd0\x4f\xbe\xce\xe1\x70\x10\x11\x5e\xef\x82\x78\
\xe5\xe5\x6e\xf2\x0a\x8a\x28\x73\x95\x53\x50\x58\x4c\x49\x69\x19\
\xc5\x25\x4e\x8a\x8a\x4b\x29\x75\x96\x51\x50\x54\x4c\x6a\x46\x0e\
\xc9\x69\xd9\x24\xa7\x65\x91\x9c\x96\x4d\x4a\x7a\x36\x49\xa9\x59\
\x14\x15\x97\xea\xfe\xe3\xf9\x8b\x18\x54\xb7\xc7\x39\xc0\x7e\x8b\
\x73\x11\x42\x08\x5b\xf3\xc7\x02\xe0\x2b\xe0\x61\x5d\xc1\x86\x5f\
\xdf\x97\xbf\xfc\xfa\x41\x86\x0e\xe8\x89\x61\xd8\xe3\xdb\x95\x57\
\x50\x44\x62\x4a\x26\xa9\x19\x39\x9c\x48\x48\x21\xe6\x64\x22\x31\
\x71\x49\x1c\x8b\x4b\xe4\x44\x42\x32\xce\x32\x97\xd5\x29\xda\x41\
\x0c\x30\x17\x55\x0c\x44\x59\x9c\x8b\x10\x42\xd8\x8e\x3d\xde\xd1\
\xf4\x31\x80\x14\xa0\xa9\xd9\x40\x01\x01\x0e\x3e\xf8\xd3\x93\xfc\
\xea\xd1\xb1\xe6\xb3\xaa\x41\xe5\xe5\x6e\xe2\xcf\xa4\x11\x73\x32\
\x91\x63\x71\x89\xc4\xc4\x25\x12\x73\x32\x89\xa8\xc3\x71\x64\x66\
\xe7\x5b\x9d\x9e\x55\x8e\xa3\x0a\x81\xb9\xc0\x3e\x8b\x73\x11\x42\
\x08\x5b\xf0\xb7\x02\xa0\x07\xaa\x17\xbd\x69\x9f\xbf\xf7\x22\xbf\
\xb8\x77\xa4\x8e\x50\xb6\x91\x90\x98\xc6\xbe\x43\x71\xec\x3d\x78\
\xe2\xfc\xaf\x49\xa9\x59\x56\xa7\x55\xd3\x62\x51\xc5\xc0\x2c\xe4\
\x31\x81\x10\xa2\x16\xf3\xb7\x02\xe0\x51\x60\x9a\xe9\x20\xe3\x87\
\x33\xed\xdf\xbf\x36\x9f\x8d\x0f\x48\xcd\xc8\xf9\x49\x41\xb0\x23\
\x2a\x86\x33\xc9\x19\x56\xa7\x55\x53\x0e\x03\xdf\x00\x33\x81\x38\
\x8b\x73\x11\x42\x88\x1a\xe5\x6f\x05\xc0\x5b\xc0\x1b\x66\x02\x04\
\xd7\x09\x22\x76\xe3\x27\xb4\x6e\xd1\x58\x53\x4a\xbe\xe7\x54\x52\
\x3a\x5b\x76\x1d\x66\xdb\x9e\xa3\x6c\xd9\x75\x98\x83\x31\x09\x94\
\x97\xbb\xad\x4e\xcb\xdb\xb6\xa3\x0a\x81\xd9\xa8\xc7\x48\x42\x08\
\xe1\xd7\xfc\xad\x00\xf8\x16\xb8\xdf\x4c\x80\x3b\x46\x0e\x64\xd1\
\xa7\x6f\x6a\x4a\xc7\x3f\xe4\x15\x14\xf1\xfd\xde\xa3\xe7\x0b\x82\
\x1d\x51\x31\x14\x16\x95\x58\x9d\x96\xb7\x94\x03\xeb\x51\x2b\x03\
\xf3\x81\x1c\x6b\xd3\x11\x42\x08\xef\xf0\xb7\x02\x60\x25\x70\x8b\
\x99\x00\x1f\xfc\xe9\x49\x5e\x7a\xfc\x0e\x4d\xe9\xf8\x27\x97\xab\
\x9c\xa8\xc3\x27\x59\xb7\xed\x00\x6b\xb7\xee\x67\xcb\xee\xc3\xfe\
\x7a\x34\xb1\x04\xd5\x79\x70\x06\x6a\x3e\x81\x5f\xfe\x21\x85\x10\
\xb5\x93\xbf\x15\x00\x5b\x81\xeb\xcd\x04\xf8\xee\x93\xd7\xb9\x7b\
\xf4\x60\x4d\xe9\xd4\x0e\x2e\x57\x39\xfb\x8f\x9c\x64\xcd\x96\xfd\
\xac\xd9\x1a\xc5\xc6\xed\x07\x29\x73\x95\x5b\x9d\x96\x6e\x39\xa8\
\xa9\x85\x5f\x01\x6b\x51\x4d\x88\x84\x10\xc2\x67\xf9\x5b\x01\xb0\
\x1b\xb8\xd6\x4c\x80\xd5\x33\xfe\xce\xc8\xa1\x32\xaa\xde\x8c\xdc\
\xfc\x22\x36\x6c\x8f\x66\xcd\x96\x28\xd6\x6e\x3d\xc0\x91\xd8\xd3\
\x56\xa7\xa4\x5b\x0c\x30\xfd\xec\x47\x82\xc5\xb9\x08\x21\x44\xb5\
\x48\x01\x50\x81\x14\x00\xfa\x25\xa6\x64\xb2\x62\xe3\x5e\x96\xae\
\xdb\xcd\x9a\x2d\x51\xe4\x17\x16\x5b\x9d\x92\x2e\x6e\xd4\x08\xe3\
\x2f\x81\x79\xa8\xa1\x45\x42\x08\xe1\x13\xa4\x00\xa8\x40\x0a\x00\
\xef\x72\x96\xb9\xd8\xb4\xe3\x10\x4b\xd7\xed\x62\xe9\xba\xdd\x1c\
\x8f\x4f\xb2\x3a\x25\x5d\x8a\x50\x33\x09\xbe\x04\xd6\xa0\x8a\x03\
\x21\x84\xb0\x2d\x29\x00\x2a\x90\x02\xa0\x66\xc5\x9d\x4a\x61\xcd\
\x96\xfd\x2c\x5e\xbb\x93\xd5\x9b\xa3\x28\x75\x96\x59\x9d\x92\x0e\
\x89\xa8\x8d\x83\x53\x81\x13\x16\xe7\x22\x84\x10\x17\x25\x05\x40\
\x05\x52\x00\x58\xa7\xa0\xb0\x84\xd5\x5b\xf6\xb1\x64\xed\x2e\x16\
\xad\xd9\x49\x46\x96\xcf\xaf\xa8\x7b\x80\x0d\xc0\xe7\xa8\x47\x04\
\x7e\xf3\xec\x43\x08\xe1\xfb\xa4\x00\xa8\x40\x0a\x00\x7b\x70\xbb\
\x3d\x6c\xdb\x73\x84\x25\xeb\x76\x31\x6f\xf9\x36\x62\xe3\x93\xad\
\x4e\xc9\xac\x3c\xd4\xc8\xe2\xaf\x50\x8f\x08\x84\x10\xc2\x52\x52\
\x00\x54\x20\x05\x80\xfd\x78\x3c\x1e\xf6\x44\x9f\xe0\xbb\x15\xdb\
\x98\xbf\x72\x3b\x47\x4f\x9c\xb1\x3a\x25\xb3\x0e\xa1\x56\x05\x66\
\x00\x69\x16\xe7\x22\x84\xa8\xa5\xa4\x00\xa8\x40\x0a\x00\xfb\x8b\
\x3b\x95\xc2\xe2\x35\xbb\x98\xb3\x6c\x0b\xdb\xf6\x1c\xc5\xe3\xf1\
\xd9\x23\xf9\x4e\x60\x15\x6a\x55\xe0\x3b\x54\x17\x42\x21\x84\xa8\
\x11\x52\x00\x54\x20\x05\x80\x6f\x39\x95\x94\xce\xbc\xe5\xdb\x98\
\xb5\x78\x33\x3b\xf7\x1f\xf7\xe5\x62\xe0\x04\xf0\x19\xf0\x05\x32\
\x8b\x40\x08\x51\x03\xa4\x00\xa8\x40\x0a\x00\xdf\x75\x3a\x39\x83\
\xef\x96\x7f\xef\xeb\x2b\x03\xe7\x66\x11\x4c\x41\x56\x05\x84\x10\
\x5e\x24\x05\x40\x05\x52\x00\xf8\x87\x84\xc4\x34\x16\xac\xdc\xc1\
\x9c\x65\x5b\xd8\xba\xfb\x88\xd5\xe9\x54\xd7\xb9\xe3\x84\x93\x90\
\x8e\x83\x42\x08\xcd\xa4\x00\xa8\x40\x0a\x00\xff\x73\xf8\xf8\x69\
\x66\x2d\xd9\xcc\xac\xc5\x9b\x39\x16\x97\x68\x75\x3a\xd5\xe1\x42\
\x0d\x23\x9a\x08\xac\x46\xe6\x10\x08\x21\x34\x90\x02\xa0\x02\x29\
\x00\xfc\xdb\xfe\x23\x27\x99\xb9\x68\x13\xdf\x2c\xd8\xc8\xe9\xe4\
\x0c\xab\xd3\xa9\x8e\xe3\xa8\x15\x81\x69\x40\xb6\xb5\xa9\x08\x21\
\x7c\x99\x14\x00\x15\x48\x01\x50\x3b\x9c\xeb\x33\x30\x67\xd9\x56\
\xbe\x5e\xb0\x81\xcc\xec\x7c\xab\x53\xaa\xaa\x52\x60\x11\xf0\x5f\
\xe0\x7b\x8b\x73\x11\x42\xf8\x20\x29\x00\x2a\x90\x02\xa0\xf6\x29\
\x75\x96\xb1\x6a\xd3\x3e\xa6\xcf\x5f\xcf\xc2\x55\x3b\x70\x96\xb9\
\xac\x4e\xa9\xaa\xf6\xa0\x36\x0d\x4e\x47\xba\x0d\x0a\x21\x2a\x49\
\x0a\x80\x0a\xa4\x00\xa8\xdd\xb2\x73\x0b\x58\xbc\x66\x27\xd3\xe7\
\xaf\x67\xed\xd6\x03\xbe\x76\x92\x20\x07\xd5\x53\xe0\xbf\x40\xbc\
\xb5\xa9\x08\x21\xec\x4e\x0a\x80\x0a\xa4\x00\x10\xe7\xc4\xc6\x27\
\xf3\xf5\x82\x0d\xcc\x58\xb0\xc1\xd7\x5a\x11\x97\xf3\xc3\xa6\xc1\
\x55\xc8\xa6\x41\x21\xc4\x45\x48\x01\x50\x81\x14\x00\xe2\x62\xf6\
\x44\xc7\x32\x65\xe6\x4a\x66\x2e\xdc\x44\x7e\xa1\x4f\xad\xb2\xc7\
\x02\x9f\x9e\xfd\xc8\xb4\x38\x17\x21\x84\x8d\x38\xac\x4e\x40\x08\
\x5f\x70\x6d\x9f\xce\x7c\xf2\xcf\xe7\x49\xdb\x3b\x9d\xd9\x1f\xbf\
\xca\xc8\xa1\xfd\x30\x0c\x9f\xa8\x9f\x3b\x03\x6f\xa3\x7a\x0a\xcc\
\x06\x06\x5b\x9b\x8e\x10\xc2\x2e\xa4\x00\x10\xa2\x0a\xea\x06\xd7\
\xe1\xde\xb1\x43\x58\x3d\xe3\xef\x24\x6c\xfb\x8c\xb7\x5f\x7d\x94\
\x8e\x6d\x9b\x5b\x9d\x56\x65\x04\x03\xf7\x02\xdb\x50\x2b\x65\x4f\
\x01\x21\x96\x66\x24\x84\xb0\x54\x80\xd5\x09\x68\xf6\x14\xd0\xd2\
\x4c\x80\x47\xee\x19\xee\x2b\x2f\xe8\xc2\x62\x11\xe1\xf5\x18\x3a\
\xa0\x27\x2f\x3c\x7a\x3b\x37\x0c\xec\x85\xdb\xe3\xe1\x78\x7c\x12\
\x2e\x97\xed\xbb\xf7\xb6\x04\xee\x40\xfd\xbc\x34\x44\xf5\x13\xc8\
\x05\xca\xac\x4c\x4a\x08\x51\xb3\x7c\x62\x0d\xb3\x0a\x64\x0f\x80\
\xb0\x54\x6e\x7e\x11\xb3\x16\x6f\xe6\xb3\x59\xab\xd9\xb9\x3f\xc6\
\xea\x74\xaa\xc2\x03\x9c\x06\x8e\x9d\xfd\x38\xfa\xa3\xff\x3e\x6d\
\x61\x5e\x42\x08\x2f\x91\x02\xa0\x02\x29\x00\x84\x2e\x47\x62\x4f\
\xf3\xe5\xbc\x75\x7c\xfa\xed\x2a\x5f\x6c\x34\xf4\x63\xa5\xa8\x69\
\x85\x87\x80\x38\xe0\xf0\xd9\xff\x3e\x06\x14\x58\x98\x97\x10\xc2\
\x04\x29\x00\x2a\x90\x02\x40\xe8\x56\x5c\xe2\x64\xce\xd2\x2d\x4c\
\xfd\x76\x15\x5b\x76\x1d\xb6\x3a\x1d\x9d\x3c\xc0\x29\x54\x21\x70\
\x04\x55\x14\x9c\x2b\x0e\x72\x2c\xcc\x4b\x08\x51\x09\x52\x00\x54\
\x20\x05\x80\xf0\xa6\x98\x93\x89\x7c\x3e\x7b\x0d\x9f\xcf\x5a\x43\
\x7a\x56\xae\xd5\xe9\x78\x53\x36\x3f\x14\x03\xe7\x7e\x3d\x00\xa4\
\x59\x99\x94\x10\xe2\x07\x52\x00\x54\x20\x05\x80\xa8\x09\xce\x32\
\x17\x0b\x57\xed\x60\xca\xcc\x15\xbe\xd8\x71\xd0\x0c\x29\x0c\x84\
\xb0\x09\x29\x00\x2a\x90\x02\x40\xd4\xb4\x13\x09\x29\x4c\xfd\x76\
\x65\x6d\x58\x15\xb8\x9c\x44\x7e\x28\x08\xa2\x51\x45\xc1\x21\x64\
\xb6\x81\x10\x5e\x23\x05\x40\x05\x52\x00\x08\xab\xd4\xe2\x55\x81\
\x4b\x29\x07\x12\x50\x85\xc1\x1e\x7e\x58\x35\x38\x8c\xb4\x37\x16\
\xc2\x34\x29\x00\x2a\x90\x02\x40\xd8\xc1\xb1\xb8\x44\xbe\x98\xb3\
\x86\xa9\x33\x57\x91\x95\xe3\xd3\x27\x08\xbc\x21\x0f\x38\xce\x0f\
\x85\xc1\x1e\x20\x0a\x39\x91\x20\x44\x95\x48\x01\x50\x81\x14\x00\
\xc2\x4e\x4a\x4a\x9d\xcc\x5e\xb2\x85\x0f\x3e\x5f\xc4\xbe\x43\x71\
\x56\xa7\x63\x77\xc9\xfc\x74\xa5\x60\x0f\xea\x74\x82\xdb\xca\xa4\
\x84\xb0\x2b\x29\x00\x2a\x90\x02\x40\xd8\xd5\x8e\xa8\x18\x26\x4d\
\x5f\xc6\xec\xa5\x5b\x28\x2e\x71\x5a\x9d\x8e\xaf\xc8\x03\xf6\x9e\
\xfd\x38\xb7\x5a\x70\x1c\x29\x0a\x84\x90\x02\xa0\x22\x29\x00\x84\
\xdd\x65\xe5\xe4\x33\x6d\xee\x5a\x26\xcd\x58\xee\x6b\x63\x8a\xed\
\x22\x1f\xd8\xc7\x4f\x8b\x82\x63\x48\x51\x20\x6a\x19\x29\x00\x2a\
\x90\x02\x40\xf8\x0a\xb7\xdb\xc3\xba\x6d\x07\x98\x32\x73\x05\xdf\
\xad\xf8\x9e\xf2\x72\x79\xff\x32\xa1\x00\xd8\xcf\x4f\x1f\x21\xec\
\x04\x64\xa9\x45\xf8\xad\x40\xab\x13\x10\x42\x54\x8f\xc3\x61\x30\
\x72\x68\x3f\x46\x0e\xed\x77\xfe\x28\xa1\x6c\x1a\xac\xb6\x30\x60\
\xc8\xd9\x8f\x73\x9c\x40\x2c\x3f\xac\x12\xec\x41\x8a\x02\xe1\x47\
\x64\x05\xa0\x02\x59\x01\x10\xbe\xec\xdc\xa6\xc1\x7f\x4f\x5d\xc0\
\x81\xa3\xf1\x56\xa7\xe3\x8f\x0a\x51\x27\x0e\xf6\x00\x5b\x80\x8d\
\x48\x13\x23\xe1\xa3\xa4\x00\xa8\x40\x0a\x00\xe1\x2f\xf6\x44\xc7\
\xf2\xbf\x2f\x16\xf3\xed\xa2\x4d\x94\xd9\x7f\x44\xb1\x2f\x4b\x46\
\x15\x03\x5b\x51\x85\xc1\x2e\xd4\x00\x25\x21\x6c\x4d\x0a\x80\x0a\
\xa4\x00\x10\xfe\xe6\x74\x72\x06\x93\x67\x2c\x67\xea\xcc\x55\xb5\
\xb9\xd3\x60\x4d\x2a\x44\x15\x02\xdf\x9f\xfd\xd8\x0e\xa4\x5a\x9a\
\x91\x10\x17\x21\x05\x40\x05\x52\x00\x08\x7f\x55\xea\x2c\x63\xd6\
\xe2\xcd\xbc\x3f\x75\x3e\xd1\x47\x13\xac\x4e\xa7\xb6\x39\xd7\xa3\
\xe0\xdc\x4a\x81\xac\x12\x08\xcb\x49\x01\x50\x81\x14\x00\xc2\xdf\
\x79\x3c\x1e\xd6\x6c\xd9\xcf\x7f\x3f\x5b\xc8\x8a\x8d\x7b\xa5\xe5\
\xb0\x35\x8a\x50\x45\xc0\x46\x60\x13\x6a\xa5\xa0\xc8\xd2\x8c\x44\
\xad\x23\xa7\x00\x84\xa8\x65\x0c\xc3\x60\xd4\xb0\xab\x18\x35\xec\
\x2a\x62\xe3\x93\xf9\xf0\xcb\x25\x7c\x36\x6b\x35\x85\x45\x25\x56\
\xa7\x56\x9b\xd4\x03\x6e\x3c\xfb\x01\xe0\x42\x1d\x43\xdc\x8a\x5a\
\x25\x58\x83\x9a\x9c\x28\x84\xd7\xc8\x0a\x40\x05\xb2\x02\x20\x6a\
\xa3\xcc\xec\x7c\xa6\xcc\x5c\xc9\x47\x5f\x2e\x21\x29\x35\xcb\xea\
\x74\x84\x2a\x08\xf6\x01\x1b\x50\xc5\xc0\x66\x64\x32\xa2\xd0\x4c\
\x0a\x80\x0a\xa4\x00\x10\xb5\x59\x99\xab\x9c\x05\x2b\xb7\xf3\x9f\
\x4f\x17\xb0\x7d\xdf\x31\xab\xd3\x11\x3f\x38\xb7\x42\xb0\xe6\xec\
\xc7\x46\xa0\xcc\xd2\x8c\x84\xcf\x73\x58\x9d\x80\x10\xc2\x3e\x82\
\x02\x03\xb8\x77\xec\x10\xbe\x9f\xff\x1e\x1b\x67\xff\x8b\xbb\x47\
\x0f\xc6\xe1\xf0\xb7\xfb\x04\x9f\x14\x88\xba\xb9\x79\x15\x58\x8d\
\x3a\x55\x30\x0f\x78\x06\x68\x67\x61\x5e\xc2\x87\xc9\x1e\x00\x21\
\xc4\x45\xdd\x30\xb0\x17\x37\x0c\xec\xc5\xc9\xd3\xa9\x7c\xf2\xcd\
\x0a\x3e\xf9\x7a\x05\x39\x79\x85\x56\xa7\x25\x94\x48\xe0\x9e\xb3\
\x1f\x00\x71\xc0\x12\x60\x31\x6a\x53\xa1\x74\x2b\x14\x57\x24\x2b\
\x00\x42\x88\xcb\xea\xd0\xa6\x19\x6f\xbf\xfa\x28\xf1\x5b\x3f\xe3\
\xdf\x6f\x3e\x4e\xfb\xd6\x4d\xad\x4e\x49\x5c\xa8\x23\xf0\x22\x6a\
\x75\x20\x05\xf8\x16\x78\x18\x68\x6c\x65\x52\xc2\xde\xa4\x00\x10\
\x42\x54\x4a\x44\x78\x3d\x7e\xf3\xc4\x5d\x9c\xd8\x34\x95\x45\x9f\
\xbe\x29\x7b\x65\xec\x2b\x12\xb8\x1f\xf8\x0a\x55\x0c\x6c\x01\x5e\
\x02\x5a\x5a\x99\x94\xb0\x1f\x29\x00\x84\x10\x55\xe2\x70\x18\xdc\
\x31\x72\x20\xab\x67\xfc\x9d\x3d\x4b\xfe\xcb\xc3\xf7\xdc\x4c\x50\
\x60\x80\xd5\x69\x89\x8b\x0b\x40\x0d\x38\xfa\x00\x38\x8d\x2a\x06\
\x5e\x05\x3a\x59\x99\x94\xb0\x07\x29\x00\x84\x10\xd5\x76\x4d\xef\
\x4e\x7c\xf5\x9f\x97\x39\xb1\x79\x2a\xaf\x3e\x3b\x9e\xc8\x88\x30\
\xab\x53\x12\x97\xe6\x40\x15\x03\x6f\x03\xc7\x51\x47\x0b\x9f\x00\
\xea\x5b\x99\x94\xb0\x8e\xbf\x95\xed\x4f\x61\x72\x99\xeb\x91\x7b\
\x86\xd3\xb1\x6d\x73\x4d\xe9\x08\x51\x3b\x44\x84\xd7\x63\xe4\xd0\
\xab\x78\xee\x91\xdb\x68\xd2\x28\x82\xc3\xc7\x4f\x93\x57\x60\xcf\
\xc6\x76\x0e\x87\xc1\x35\xbd\x3b\x31\xe6\xa6\xfe\x44\x46\x84\xe1\
\x72\x95\x93\x5f\x58\xeb\x8e\xd8\x1b\x40\x5b\x60\x1c\xea\xf1\x40\
\x0f\x20\x1f\x88\x07\xa4\x35\x64\x2d\xe1\x6f\xe7\x7b\xa4\x0f\x80\
\x10\x36\x50\xe6\x2a\x67\xe6\xc2\x8d\xbc\x37\x65\x3e\x07\x8f\xd9\
\x73\xee\x40\xb3\xc6\x0d\x78\xf2\xc1\xd1\x3c\x78\xe7\x0d\xe0\x81\
\xd8\xf8\x64\x8e\xc6\x9d\x21\xf6\x64\x12\x47\xe3\x12\x39\x14\x73\
\x8a\xac\x9c\x7c\xab\xd3\xac\x69\xa7\x80\xcf\x81\x49\xc8\x98\x63\
\xbf\x27\x05\x40\x05\x52\x00\x08\xa1\xd7\x96\x5d\x87\x79\x67\xf2\
\x3c\x96\xac\xdd\x65\x75\x2a\x17\x15\x19\x11\xc6\x23\xe3\x87\xf3\
\xf8\x7d\x23\xa9\x1f\x56\xef\x27\xbf\x97\x9a\x91\xc3\xc1\x63\x09\
\x44\x1f\x4b\x20\xfa\x68\x3c\xd1\x47\x13\x6a\xcb\x44\x45\x27\x30\
\x0b\x78\x07\x38\x64\x71\x2e\xc2\x4b\xa4\x00\xa8\x40\x0a\x00\x21\
\xbc\x63\x47\x54\x0c\xef\x4e\x9e\xc7\x82\x55\xdb\x71\xbb\xed\xb7\
\xca\x5c\x3f\xac\x1e\x8f\xdd\x3b\x82\xc7\x26\x8c\xb8\xec\x5e\x86\
\x94\xf4\xec\xf3\x45\xc1\xde\x83\x27\xd8\x77\x28\xce\x9f\xe7\x28\
\x78\x80\xe5\xc0\xbb\xa8\xee\x83\xc2\x8f\x48\x01\x50\x81\x14\x00\
\x42\x78\x57\xdc\xa9\x14\xfe\xf7\xc5\x62\xa6\xce\x5c\x49\x71\x89\
\xfd\xfa\xd5\xd4\x0b\x09\xe6\xbe\xdb\x87\xf2\xcc\x43\x63\x68\xd6\
\xb8\xc1\x15\x3f\xbf\xdc\xed\xe6\x44\x42\x0a\x07\x8f\xc5\xb3\xfb\
\x40\x2c\xbb\x0f\xc4\x12\x9b\x90\xec\x8f\x53\x16\xd7\x00\xbf\x47\
\xcd\x28\x10\x7e\x40\x0a\x80\x0a\xa4\x00\x10\xa2\x66\xa4\xa4\x67\
\xf3\xbf\xcf\x17\x33\xf9\xeb\xe5\xb6\xec\x30\x58\x37\xb8\x0e\x0f\
\x8c\x1b\xc6\xd3\x0f\xde\x4a\xf3\xa6\x91\x55\xfa\xda\xf4\xac\x5c\
\xf6\x1d\x8a\x63\xd7\xfe\xe3\x7c\xbf\xf7\x28\x47\x62\x4f\xdb\x72\
\xd5\xa3\x1a\xdc\xc0\x0c\xe0\x4f\x80\x3d\x37\x77\x88\x4a\x93\x02\
\xa0\x02\x29\x00\x84\xa8\x59\xf9\x85\xc5\x7c\xf2\xf5\x0a\xfe\xf7\
\xc5\x62\xce\x24\x67\x58\x9d\xce\x05\x82\x82\x02\x19\x3f\xe6\x7a\
\x9e\xfd\xf9\x18\xda\xb6\x6c\x52\xad\x18\x39\x79\x85\xec\x88\x3a\
\xc6\xf7\x7b\x8f\xf1\xfd\x9e\x23\x1c\x8f\xf7\xf9\x15\x82\x12\xe0\
\x2d\xd4\x1e\x01\x19\x4a\xe4\xa3\xa4\x00\xa8\x40\x0a\x00\x21\xac\
\xe1\x2c\x73\xf1\xcd\xc2\x8d\xbc\xf7\xc9\x77\x1c\x3e\x7e\xda\xea\
\x74\x2e\x10\x10\xe0\x60\xdc\xc8\x41\x3c\xff\xc8\x58\x3a\xb5\x33\
\x77\x54\x38\x23\x2b\x8f\xed\xfb\x8e\xb1\x6d\xcf\x11\xb6\xec\x3a\
\xcc\x69\x1b\x16\x3e\x95\x14\x0d\x3c\x09\xec\xb0\x3a\x11\x51\x75\
\x52\x00\x54\x20\x05\x80\x10\xd6\xf2\x78\x3c\x2c\x59\xbb\x8b\x77\
\x3f\xf9\x8e\x2d\xbb\x0e\x5b\x9d\xce\x05\x1c\x0e\x83\x31\x37\xf5\
\xe7\xf9\x47\x6e\xa3\x47\xe7\x36\x5a\x62\xc6\x9d\x4a\x61\xc3\xf6\
\x68\x36\xee\x38\xc8\x8e\x7d\x31\x94\x3a\x7d\xea\xa6\xda\x0d\x7c\
\x08\xbc\x86\x5a\x19\x10\x3e\x42\x0a\x80\x0a\xa4\x00\x10\xc2\x3e\
\xf6\x1e\x3c\xc1\x07\x9f\x2f\xe2\x9b\x85\x1b\x29\x2f\x77\x5b\x9d\
\xce\x05\x86\xf4\xef\xc9\x6f\x9f\xbc\x8b\xab\x7b\x75\xd4\x16\xb3\
\xa4\xd4\xc9\x9e\xe8\x58\xb6\xec\x3a\xc2\xd6\xdd\x87\x89\xb6\x69\
\x1f\x85\x8b\x38\x0c\xdc\x7b\xf6\x57\xe1\x03\xa4\x00\xa8\x40\x0a\
\x00\x21\xec\xe7\xe8\x89\x33\xbc\x3f\x65\x3e\x33\xe6\x6f\xb0\xe5\
\xdd\xf1\xb0\x81\xbd\xf8\xd5\x23\x63\x19\x78\x55\x57\xed\xb1\x13\
\xce\xa4\xb1\x6a\x4b\x14\xab\x36\xed\x63\xef\xc1\x58\xbb\x6f\x26\
\xcc\x43\x75\x64\x9d\x65\x75\x22\xe2\xca\xa4\x00\xa8\x40\x0a\x00\
\x21\xec\x2b\x29\x35\x8b\xf7\xa7\xcc\x67\xca\xcc\x95\xb6\x3c\x7b\
\x3f\xa0\x5f\x17\x5e\x78\xf4\x76\x86\x0d\xec\xe5\x95\xf8\x99\xd9\
\xf9\xac\xde\xbc\x8f\x55\x9b\xf7\xb1\x75\xf7\x11\x9c\x65\x2e\xaf\
\x5c\x47\x83\x7f\xa3\x8e\x0c\xda\x6f\xd9\x46\x9c\x27\x05\x40\x05\
\x52\x00\x08\x61\x7f\x19\x59\x79\x7c\xf0\xf9\x22\x3e\xfe\x6a\xa9\
\x2d\x8f\x10\x5e\xdd\xab\x23\xbf\x7e\xfc\x4e\x6e\x18\xe4\x9d\x42\
\x00\xa0\xb0\xa8\x84\x0d\xdb\xa3\x59\xb5\x69\x1f\xeb\xbe\x8f\xa6\
\xc0\x7e\xf3\x0c\xbe\x05\x1e\x03\x4a\x2d\xce\x43\x5c\x82\x14\x00\
\x15\x48\x01\x20\x84\xef\xc8\x2f\x2c\xe6\xf3\x59\x6b\x78\x67\xf2\
\x5c\x92\xd3\xb2\xad\x4e\xe7\x02\x57\xf7\xea\xc8\xf3\x8f\x8c\x65\
\xc4\x10\xef\xbe\xa6\x38\xcb\x5c\x6c\xde\x79\x88\xa5\xeb\x76\xb3\
\x72\xd3\x5e\x8a\x8a\x6d\xf3\x9e\xbb\x01\xb8\x1b\xc8\xb1\x38\x0f\
\x71\x11\x52\x00\x54\x20\x05\x80\x10\xbe\xa7\xd4\x59\xc6\x97\x73\
\xd7\xf1\xf7\x0f\x67\xd9\xb2\x97\xc0\x35\xbd\x3b\xf1\xdc\xc3\xb7\
\x79\xbd\x10\x00\xb5\x89\x70\xeb\xee\x23\x2c\x5d\xb7\x9b\x15\x1b\
\xf7\xd8\xa1\xdb\xe2\x4e\x60\x24\x6a\xda\xa0\xb0\x11\x29\x00\x2a\
\x90\x02\x40\x08\xdf\x75\xae\x10\x78\x67\xf2\x3c\xe2\x4e\xa5\x58\
\x9d\xce\x05\xfa\xf7\xed\xc2\xaf\x1f\x1f\xc7\x90\xfe\x3d\x6a\xe4\
\x7a\x79\x05\x45\xac\xda\xb4\x8f\xc5\x6b\x77\xb2\x75\xd7\x11\xca\
\xdd\x96\x3d\x92\x5f\x0f\xdc\x86\x1c\x13\xb4\x15\x29\x00\x2a\x90\
\x02\x40\x08\xdf\xe7\x72\x95\xf3\xed\xe2\xcd\xfc\x6b\xe2\x1c\x5b\
\x36\x15\x1a\xd0\xaf\x0b\xbf\x7e\xfc\x4e\xae\xbf\xb6\x7b\x8d\x5d\
\x33\x35\x23\x87\xf9\x2b\xbf\x67\xde\xf2\x6d\xc4\xc6\x27\xd7\xd8\
\x75\x7f\x64\x31\x70\x0f\x60\xdb\x9d\x8b\xb5\x4d\x80\xd5\x09\x68\
\xf6\x14\xd0\xd2\x4c\x80\x47\xee\x19\x4e\xc7\xb6\xe6\xba\x7c\x09\
\x21\xac\xe5\x70\x38\xe8\xdb\xa3\x3d\xcf\x3d\x7c\x1b\xd7\xf6\xe9\
\xcc\x89\x84\x14\x12\x53\x33\xad\x4e\xeb\xbc\xa4\xd4\x2c\xbe\x5b\
\xb1\x8d\xad\xbb\x0e\xd3\x28\x32\xbc\x46\x5e\x73\xc2\xea\xd5\xa5\
\x7f\xdf\x2e\x3c\x72\xcf\x70\x46\x0c\xe9\x47\x70\x70\x10\x09\x89\
\xe9\x94\x94\xd6\xd8\x23\x82\x6e\x40\x18\xb0\xaa\xa6\x2e\x28\x2e\
\x4f\x0a\x80\x0a\xa4\x00\x10\xc2\x7f\x18\x86\x41\xb7\x8e\xad\x78\
\xf2\xc1\x5b\x18\x74\x55\x57\x12\x12\xd3\x39\x95\x94\x6e\x75\x5a\
\xe7\x25\xa5\x65\xb1\x68\xcd\x4e\xb6\xef\x3d\x46\x9b\x96\x8d\x69\
\xdd\xbc\x71\x8d\x5c\xb7\x59\xe3\x06\xdc\x74\x5d\x1f\x1e\xbb\x77\
\x04\xdd\x3a\xb6\xa6\xb8\xc4\x49\x66\x4e\x3e\x4e\xa7\xd7\x6f\xce\
\xaf\x03\x8e\x00\x87\xbc\x7d\x21\x71\x65\xf2\x08\xa0\x02\x79\x04\
\x20\x84\x7f\xdb\xb4\xf3\x10\x6f\x7d\x38\x9b\x55\x9b\xed\x37\xd5\
\x76\xf0\x35\xdd\xf9\xf5\xe3\xe3\xbc\xd2\x50\xe8\x4a\x72\xf3\x8b\
\x98\x38\x7d\x19\x5f\xce\x5d\xeb\xed\x66\x4b\x05\xc0\x40\x54\x21\
\x20\x2c\x24\x2b\x00\x15\xc8\x0a\x80\x10\xfe\xad\x5d\xab\xa6\x3c\
\x7c\xcf\xcd\x8c\xbd\xb9\x3f\xe9\x59\x79\x1c\x8b\x4b\xb4\x3a\xa5\
\xf3\xce\x24\x67\x30\x77\xd9\x56\x76\xed\x8f\xa1\x6d\xcb\x26\xb4\
\x6a\xde\xa8\xc6\xae\x5d\x37\x38\x88\x61\x03\x7a\x72\xcf\xad\xd7\
\x93\x9d\x5b\xe0\xcd\xef\x4b\x1d\xa0\x3f\xf0\x39\x60\xeb\xb6\x86\
\xfe\x4e\x0a\x80\x0a\xa4\x00\x10\xa2\x76\x68\xd5\xbc\x11\x0f\xdc\
\x31\x8c\x09\xb7\x0d\x21\xbf\xb0\x98\xc3\xc7\x4f\xdb\xa6\xcd\xee\
\xe9\xe4\x0c\xe6\x2c\xdb\xca\xd6\x5d\x87\x69\xdd\xa2\x31\x6d\x5a\
\xd6\xcc\xa3\x01\x80\xf0\xb0\x10\x46\xdf\x78\x0d\x43\x06\xf4\x64\
\xd7\xfe\xe3\xde\x6a\xb4\xd4\x1a\xc8\x40\x1d\x11\x14\x16\x91\x02\
\xa0\x02\x29\x00\x84\xa8\x5d\x9a\x36\x8a\xe0\xee\xd1\x83\xf9\xd9\
\xb8\x1b\x29\x28\x2c\xe1\x60\x4c\x82\x6d\x0a\x81\xa4\x34\xb5\x59\
\x70\x4f\x74\x2c\x6d\x5b\x35\xa1\x65\xb3\x86\x35\x76\xed\x96\xcd\
\x1a\x72\xdf\xd8\xa1\x14\x14\x16\x73\xe0\xa8\x57\x06\x12\x0d\x05\
\x66\xa0\xe6\x07\x08\x0b\x48\x01\x50\x81\x14\x00\x42\xd4\x4e\x0d\
\x1b\x84\x73\xe7\x2d\x83\xf8\xf9\x5d\x37\x51\x50\x58\xcc\xc1\x63\
\xf6\x29\x04\x4e\x25\xa5\x33\x67\xe9\x16\xf6\x1e\x3c\x41\xa7\xb6\
\x2d\x68\xd6\xa4\x41\x8d\x5c\x37\x28\x28\x90\x9b\x07\xf7\xe5\x9a\
\xde\x9d\x58\xb7\xed\x80\xee\xbd\x01\xc1\x40\x7d\xd4\xf1\x40\x61\
\x01\x7f\x2b\x00\x9e\xc4\x64\x01\xf0\xc0\x1d\xc3\xe8\xd2\xc1\x54\
\x08\x21\x84\x0f\x8b\x8c\x08\xe3\xce\x51\x83\xf8\xf9\xdd\x37\x53\
\x58\x5c\x4a\xf4\xd1\x78\xfb\x14\x02\x89\xe9\xcc\x5a\xb2\x99\x43\
\xc7\x4f\xd1\xb5\x43\x4b\x1a\x37\xac\x5f\x23\xd7\x6d\xd7\xaa\x29\
\xb7\xdc\x70\x35\x1b\x77\x1c\x24\x57\xef\x23\x81\x3e\xc0\x74\xa4\
\x55\xb0\x25\xfc\xad\x00\x78\x08\x68\x6f\x26\xc0\x88\x21\xfd\xb4\
\xce\xf6\x16\x42\xf8\xa6\xc8\x88\x30\xc6\x8d\x1c\xc8\x23\xe3\x87\
\x53\x5c\xe2\x24\xfa\x68\xbc\x95\x9d\xf4\x7e\x22\xee\x54\x0a\xdf\
\x2c\xda\xc8\x89\x84\x14\xba\x77\x6a\x4d\x64\x44\x98\xd7\xaf\x79\
\xae\x30\xda\x77\x38\x8e\xc4\x14\x6d\x3d\x15\x02\x80\x50\x64\x15\
\xc0\x12\xfe\x56\x00\x4c\x00\x4c\x9d\x9f\x69\xdd\xbc\x11\x63\x87\
\xf7\xd7\x94\x8e\x10\xc2\xd7\x35\xa8\x1f\xca\xed\x23\x06\xf0\xe8\
\x84\xe1\x94\x96\x96\x11\x7d\x34\x81\xf2\x72\xeb\x0b\x01\x8f\x07\
\x62\xe2\x12\x99\xb1\x60\x03\x67\x52\x32\xe8\xd1\xb9\x0d\xf5\xc3\
\xeb\x79\xf5\x9a\x21\x75\xeb\x70\xc7\x88\x01\xec\x89\x8e\xe5\x8c\
\xbe\x22\xa0\x37\x30\x11\xb0\xdd\x38\x43\x7f\xe7\x6f\x05\xc0\x08\
\xe0\x6a\x33\x01\x92\xd2\xb2\x78\xf1\xb1\x3b\x70\x38\x1c\x9a\x52\
\x12\x42\xf8\x83\x88\xf0\x50\xc6\x0e\x1f\xc0\xa3\x13\x46\xe0\x2c\
\x73\x71\xe0\x48\xbc\x4d\x0a\x01\x0f\x87\x8f\x9f\x66\xc6\x82\x0d\
\x64\x64\xe5\xd2\xb3\x4b\x5b\xc2\xea\xd5\xf5\xda\xf5\x02\x03\x03\
\xb8\xed\xe6\xfe\x6c\xd8\x1e\x4d\x7a\x96\x96\xfd\x7b\x81\xc0\x69\
\x60\x97\x8e\x60\xa2\xf2\xfc\xad\x00\xe8\x0e\x8c\x32\x13\x20\xbf\
\xa0\x98\x96\xcd\x1a\xd2\xbf\x6f\x17\x4d\x29\x09\xe1\x7f\xd2\xb3\
\x72\x59\xbe\x7e\x0f\x4b\xd6\xee\x66\xcb\xae\xc3\x1c\x3d\x71\x86\
\xa0\xc0\x40\x9a\x35\xae\x99\xcd\x69\x56\x8a\x08\xaf\xc7\x6d\x37\
\xf7\xe7\xb1\x09\x23\x28\x73\xb9\x38\x70\x34\x01\x57\x79\xb9\xd5\
\x69\xe1\x76\xbb\xd9\x7f\x24\x9e\x19\xf3\x37\x90\x57\x50\x44\xef\
\x6e\xed\x08\xa9\x5b\xc7\x2b\xd7\x3a\xb7\x39\x70\xc1\xaa\xed\xba\
\xa6\x0d\x36\x01\xa6\xea\x08\x24\x2a\xcf\xdf\x3a\x01\x8e\x03\x16\
\x9a\x0d\xd2\x28\x32\x9c\x1d\x0b\xfe\x4d\xa7\x76\x72\x1a\x40\x88\
\x1f\x3b\x91\x90\xc2\xeb\xef\x7e\xc9\x82\x95\xdb\x29\x73\x5d\xf8\
\xa6\xd7\xbb\x5b\x3b\x5e\xfe\xe5\x9d\xfc\xfc\xee\x9b\xa8\x13\x14\
\x68\x41\x86\x35\x2f\x29\x35\x8b\x77\x26\xcf\x63\xea\xcc\x95\x76\
\x18\xbd\x7b\x5e\x68\xbd\xba\x3c\x7e\xdf\x48\x9e\x7c\x60\x34\xe1\
\x61\x21\x5e\xb9\xc6\xca\x4d\x7b\x79\xe6\x8d\x89\xba\xc2\x75\x04\
\x4e\xea\x0a\x26\xae\xcc\xdf\x56\x00\x32\x81\x57\x30\x59\xd8\x14\
\x97\x38\x59\xb1\x71\x2f\xe3\x46\x0d\xa4\x41\xfd\x50\x3d\x99\x09\
\xe1\xe3\xe6\x2c\xdd\xca\xe8\x47\xfe\xcc\xfe\xc3\x27\x2f\xb9\x2b\
\x3e\x2d\x33\x97\x45\xab\x77\xf0\xe5\xdc\xb5\x38\x1c\x0e\xfa\x74\
\x6b\xe7\xf7\x85\x40\x78\x58\x08\x63\x6e\xba\x96\xc7\xef\x1b\x45\
\x79\xb9\x9b\xfd\x47\x4e\xe2\xba\x48\x71\x54\xd3\xca\xca\x5c\xec\
\x8c\x8a\x61\xe6\xa2\x4d\xb8\xdd\x1e\x7a\x75\x6b\x4b\x50\xa0\xde\
\xbf\x8b\xce\xed\x5a\x10\x73\x32\x51\xd7\x74\xc1\x43\xc0\x5e\x1d\
\x81\x44\xe5\xf8\x5b\x01\x50\x84\x1a\x37\x69\xfa\xd6\x3d\x33\x27\
\x9f\xaf\xbe\x5b\x4f\xdb\x96\x4d\xe8\xd5\xa5\x2d\x86\xe1\x6f\x8b\
\x25\x42\x54\xde\xa2\xd5\x3b\xb9\xf7\xb9\xb7\x71\x96\x55\x6e\x58\
\x4c\x5e\x41\x11\x2b\x36\xee\x65\xca\xcc\x95\x38\x9d\x65\xf4\xe9\
\xde\xde\x6b\xcb\xd1\x76\x11\x1e\x1a\xc2\xad\x37\x5e\xc3\x2f\xef\
\x1f\x85\xc7\x03\xfb\x8f\x9c\xbc\xe8\x2a\x49\x4d\x2b\x29\x2d\x63\
\xdb\x9e\x23\xcc\x5a\xbc\x99\xa0\xa0\x40\x7a\x76\x69\x43\x60\x80\
\xbe\x97\xfe\xde\x5d\xdb\x31\x63\xc1\x06\x1d\x47\x25\x8b\x80\xb9\
\x1a\x52\x12\x95\xe4\x8f\xef\x6a\x6f\x01\x6f\xe8\x0c\xd8\xad\x63\
\x2b\xee\xbb\x7d\x28\x43\xfa\xf7\xa0\x71\x64\x7d\x1c\x0e\x07\x6e\
\xb7\x9b\xbc\x82\x62\x5c\xae\xf2\xf3\xad\x32\x03\x03\x1d\xd4\x0f\
\xab\x47\x83\xfa\xa1\x44\x84\x87\x12\x1e\x16\x42\xe3\xc8\xfa\x04\
\x04\xc8\x86\x42\xe1\xbb\x52\x33\x72\xe8\x76\xf3\x33\xe4\xe6\x17\
\x55\x3b\x46\x78\x68\x08\xcf\xfc\x7c\x0c\x2f\xff\xf2\x4e\x5a\x34\
\x8d\xd4\x98\x9d\x7d\xa5\x66\xe4\xf0\xfe\x94\xf9\x4c\x9a\xb1\x9c\
\xc2\xa2\x12\xab\xd3\x39\xaf\x79\xd3\x48\x5e\x7c\xec\x0e\xee\xbd\
\x6d\x08\x81\x81\x7a\x0a\x81\x97\xfe\x32\x85\x45\x6b\x4c\x77\xf5\
\x4d\x02\x5a\x69\x48\x47\x54\x92\x3f\x16\x00\xdd\x80\xa3\x56\x27\
\x71\x4e\x70\x9d\x20\x3a\xb7\x6f\x41\xd7\x0e\xad\xe8\xd2\x41\xfd\
\xda\xaf\x47\x07\xae\xea\xd9\x41\xdb\x0f\x9f\x10\xde\xf4\xfc\x1f\
\x27\x33\x71\xfa\x32\x2d\xb1\xea\x06\xd7\xe1\xb1\x09\x23\xf8\xdd\
\xd3\x77\xd7\x9a\x8e\x9b\x69\x99\xb9\xbc\x3b\x79\x1e\x93\x66\x2c\
\xa7\xa8\xb8\xd4\xea\x74\xce\x6b\xdb\xb2\x09\xbf\xfe\xe5\x38\xc6\
\x8d\x1a\x44\x80\xc9\x53\x4f\xdb\xf7\x1d\xe3\xc1\x17\xde\xd3\x91\
\x56\x24\xd2\x14\xa8\xc6\xf8\x63\x01\x00\xb0\x05\x18\x62\x75\x12\
\x97\x13\x1e\x1a\xc2\x90\xfe\x3d\xb8\x61\x50\x6f\x6e\x18\xd8\x8b\
\x01\xfd\xba\xf8\xfd\xb3\x52\xe1\x7b\x9c\x65\x2e\x9a\xf7\x7f\x84\
\xec\xdc\x02\xad\x71\x03\x03\x03\xb8\xff\xf6\x61\xbc\xfa\xcc\x78\
\xfa\x74\x6f\xa7\x35\xb6\x5d\x25\xa7\x65\xf3\xf6\xa4\xb9\x4c\xf9\
\x66\x25\x25\xa5\xf6\xd9\x2c\xd8\xb5\x43\x4b\x5e\x79\xea\x1e\x46\
\x0d\xbb\xaa\xda\x31\xca\xdd\x6e\xfa\xdf\xfe\xb2\x8e\xc1\x41\xd7\
\x01\x3b\xcc\x06\x11\x95\xe3\xaf\xb7\xa0\x19\xc0\x83\x56\x27\x71\
\x39\xce\x32\x17\xb1\x09\xc9\xac\xdd\xba\x9f\xcf\x67\xaf\xe1\xa3\
\x2f\x97\x10\x13\x97\x44\xdd\xba\x41\xb4\x6f\xd5\x54\xfa\x10\x08\
\x5b\xd8\x7f\xe4\x24\xff\xfb\x42\x7f\x93\x36\xb7\xdb\x43\xf4\xd1\
\x78\x26\x7f\xbd\x82\x3d\x07\x4f\xd0\xbe\x75\x53\xda\xb4\xa8\xb9\
\x89\x77\x56\x08\x0f\x55\x9b\x05\x1f\x9b\x30\x9c\x92\x52\xa7\xea\
\x23\x60\x83\xce\x82\x99\x39\xf9\x2c\x5e\xbb\x93\xcd\x3b\x0f\xd1\
\xae\x55\x53\x5a\x57\xe3\xef\xc1\x61\x18\xec\x3f\x7c\x92\xd8\x04\
\xd3\x9b\x01\x37\x01\x07\xcc\x06\x11\x95\xe3\xaf\x05\x40\x0c\xea\
\x48\x60\x0b\xab\x13\xa9\xac\x92\xd2\x32\xa2\x0e\xc7\x31\x63\xfe\
\x06\x26\xcd\x58\xce\xc9\x53\xa9\x34\x8a\x0c\xf7\xfb\x17\x45\x61\
\x6f\xdb\xf6\x1c\x65\xf6\xd2\x2d\x5e\xbd\x46\x4c\x5c\x22\x9f\xcd\
\x5a\xcd\xc6\xed\x07\x69\xd9\xac\x21\x9d\xda\xf9\xcc\x8f\x6d\xb5\
\xd4\x0f\xaf\xc7\xd8\xe1\x03\x78\x64\xfc\xcd\x14\x14\x95\xd8\x66\
\xd6\x40\x72\x5a\x36\xf3\x96\x6f\x23\xea\x50\x1c\x5d\x3a\xb4\xa4\
\x69\xa3\x88\x2a\x7d\x7d\xcc\xc9\x44\x76\x46\xc5\x98\x4d\x63\x13\
\xb0\xdd\x6c\x10\x51\x39\xfe\x5a\x00\x00\xc4\x02\x0f\xe3\x83\x8f\
\x39\x8a\x8a\x4b\xd9\x1d\x1d\xcb\x67\xb3\x56\xb3\x72\xe3\x5e\x22\
\xc2\x43\xe9\xde\xa9\x35\x0e\x87\xcf\xfd\x51\x84\x8f\x3b\x7a\xe2\
\x0c\xb3\x97\x78\xb7\x00\x38\x27\xfe\x4c\x1a\x33\xe6\x6f\x60\xc9\
\xda\x5d\x34\x8a\x0c\xa7\x7b\xa7\xd6\x7e\x7d\xfa\xa6\x41\xfd\x50\
\xc6\x8d\x1c\xc8\xcf\xee\xbc\x89\xdc\xfc\x42\x0e\xc6\x24\xe0\xf1\
\x58\x5f\x08\x24\x24\xa6\x31\x73\xd1\x26\x62\x13\x92\xe9\xd9\xa5\
\x0d\x0d\xea\x57\x6e\xce\x40\x62\x4a\x26\xab\x37\x47\x99\xbd\xfc\
\x36\x54\x11\x20\x6a\x80\x3f\x17\x00\x27\x81\x0e\x40\xf5\x1f\x6c\
\xd9\xc0\x99\x94\x4c\xe6\x2c\xdb\xca\xf4\xf9\xeb\x01\xa3\x56\x9c\
\xab\x16\xf6\x51\x5c\xe2\x64\xca\x37\x2b\x6b\xf4\x9a\xc9\x69\x59\
\xcc\x5e\xba\x85\x59\x8b\x37\x13\x5a\xaf\x2e\xbd\xbb\xb5\x33\xbd\
\x49\xcd\xce\x1a\x36\x08\xe3\xae\xd1\xd7\x71\xff\x1d\xc3\xc8\xca\
\x29\xe0\xd0\xf1\x53\xd8\xa0\x0e\x20\xe6\x64\x12\x5f\x2f\xd8\x48\
\x6a\x7a\x0e\xbd\xbb\xb5\xbb\x62\x7b\xe1\x93\xa7\x53\x59\xb6\x7e\
\x8f\xd9\xcb\xee\x01\x56\x9b\x0d\x22\x2a\xc7\x9f\x0b\x00\x80\xcd\
\xc0\x03\x40\xd5\xd6\xb2\x6c\x28\x27\xaf\x90\x15\x1b\xf7\x32\x6d\
\xee\x5a\x1a\x36\x08\xa3\x5f\x8f\x0e\x7e\x7d\x77\x24\xec\xa1\x51\
\x64\x7d\x3e\xfe\x6a\xa9\x25\x9b\xd6\x32\xb3\xf3\x59\xb8\x7a\x07\
\x5f\xce\x5d\x47\x80\xc3\x41\x9f\xee\xed\x09\xf2\xe3\xe2\xb7\x71\
\x64\x7d\xc6\x8f\xb9\x9e\x09\x63\x86\x90\x96\x99\xcb\x91\xd8\x33\
\x56\xa7\xa4\xf6\x6a\x1c\x4b\xe0\xeb\x05\x1b\xc8\x2f\x2c\xa6\x77\
\xb7\x76\xd4\x0d\xbe\x78\x3f\x87\x13\xf1\x29\x2c\x5d\xbf\xdb\xec\
\x25\xb7\x00\x6b\xcc\x06\x11\x95\xe3\xef\x05\x40\x31\xb0\x15\xf5\
\x28\xc0\x2f\x5e\x39\xf2\x0b\x8b\x59\xb8\x7a\x07\x8b\xd7\xec\xa4\
\x6b\xc7\x56\x74\x68\xd3\xcc\xea\x94\x84\x1f\x0b\x08\x70\x70\x2a\
\x29\x9d\x5d\x07\x8e\x5b\x96\x43\x6e\xbe\x6a\x2a\x34\x75\xe6\x2a\
\x9c\x65\x2e\xfa\x76\x6f\x7f\xc9\x37\x21\x7f\xd0\xb4\x51\x04\xf7\
\x8d\x1d\xca\x5d\xa3\xaf\x23\x39\x2d\x9b\x98\x93\x49\x56\xa7\x84\
\xcb\x55\xce\x9e\xe8\x58\x66\x2e\xdc\x84\xc7\xe3\xa1\x77\xb7\x76\
\x04\x55\x38\xc6\xbc\xeb\xc0\x71\xd6\x6d\x33\xbd\x7f\x6f\x25\xf2\
\x08\xa0\xc6\xf8\x7b\x01\x00\xaa\xb9\x44\x02\x70\x17\x3e\xb8\x1f\
\xe0\x52\x52\xd2\xb3\xf9\x72\xde\x3a\xf6\x1f\x3e\xc9\x8d\x83\x7a\
\x13\x1e\xea\x9d\x5e\xdf\x42\x5c\xdb\xa7\x13\x53\xbe\x59\x59\xe9\
\x2e\x80\xde\x52\x54\x5c\xca\xba\x6d\x07\x98\x34\x7d\x39\x39\x79\
\x05\xf4\xe9\xd6\x8e\x30\x3f\xfe\x77\xdf\xbc\x49\x24\x0f\x8c\xbb\
\x81\xb1\xc3\x07\x90\x98\x92\xc9\xf1\x78\xeb\x0b\x81\x52\xa7\xea\
\x2a\x38\x67\xe9\x16\x42\xea\x06\xd3\xb3\x4b\x9b\xf3\x27\x96\x56\
\x6f\x89\xd2\xb1\x09\x70\x31\xb2\x09\xb0\xc6\xd4\x86\x02\x00\xd4\
\xb1\x92\x54\x60\x2c\x7e\x54\x04\x80\xda\xa4\x35\x6d\xee\x5a\xda\
\xb7\x6e\x46\xaf\xae\x6d\xad\x4e\x47\xf8\xa1\xb0\xd0\x10\x7a\x74\
\x69\xc3\x9c\xa5\x5b\x6c\xf1\x6c\xba\xd4\x59\xc6\xd6\xdd\x47\xf8\
\xf8\xab\x65\x24\xa5\x66\xd2\xb3\x4b\x5b\x22\x23\x2a\xb7\x51\xcd\
\x17\xb5\x6c\xd6\x90\x87\xee\xba\x91\x5b\x6f\xbc\x86\x53\x49\xe9\
\xc4\x9d\x4a\xb1\x3a\x25\x0a\x8b\x4b\x59\xff\xfd\x01\x16\xad\xde\
\x41\x64\x83\x70\xba\x76\x68\xc5\x17\x73\xd6\xea\xc8\xed\x6b\xe4\
\x18\x60\x8d\xa9\x2d\x05\x00\xa8\xcd\x25\x89\xc0\x18\xfc\xec\xcf\
\x5d\x5c\xe2\x64\xee\xb2\xad\x1c\x3f\x99\xc4\xf0\xeb\xfb\xfa\x7d\
\xcf\x75\xbb\xc9\x2f\x2c\x26\x2d\x33\x97\xcc\xec\x3c\xb2\x73\x0b\
\x48\xcb\xcc\xc5\xe5\x2a\xa7\x4e\x9d\x20\xbf\x69\x03\xdd\xbd\x53\
\x6b\x22\xc2\x43\x59\xb9\xd1\x3e\xb3\x5a\x5c\xe5\xe5\xec\x3e\x10\
\xcb\xc7\xd3\x97\x71\xfc\x64\x12\x5d\x3b\xb4\xa4\xa9\x1f\x8f\x23\
\x6e\xdd\xa2\x31\x0f\xdf\x73\x33\x23\xae\xef\xcb\x89\x84\x14\x12\
\x12\xd3\xad\x4e\xe9\xfc\xe3\x99\xd5\x9b\xa3\x38\x7e\x32\x49\xc7\
\x5e\x91\xf7\x81\xd3\x1a\x52\x13\x95\xe0\x57\x77\xc3\x95\x34\x02\
\x98\x83\x6a\x39\xe9\x77\x5a\xb7\x68\xcc\x37\xff\xfb\x2d\xc3\x06\
\xf6\xb2\x3a\x15\xbf\xe3\x3c\x3b\x5d\x6d\xfd\xf7\xd1\xec\x89\x8e\
\x25\xfe\x4c\x1a\xf1\x67\x52\x2f\xdb\x23\x3f\x2c\xb4\x2e\xcd\x1a\
\x37\xa0\x4b\xfb\x96\x74\xeb\xd4\x8a\xae\x1d\x5a\xd1\xbb\x5b\x3b\
\xae\xed\xdd\x89\xd0\x2b\xec\xaa\xb6\xa3\xd7\xde\xf9\x92\x77\x26\
\xcd\xb3\x3a\x8d\x8b\x32\x0c\x83\x3b\x46\x0e\xe0\xf5\xe7\xee\xe5\
\xba\xab\xbb\x59\x9d\x8e\xd7\xad\xdc\xb4\x97\x37\xdf\x9f\xc1\xee\
\x03\xb1\x56\xa7\xa2\x53\x33\x20\xcd\xea\x24\x6a\x8b\xda\x58\x00\
\x00\xb4\x05\x3e\x03\x46\x5a\x9d\x88\x37\xd4\x09\x0a\xe4\x7f\x7f\
\x79\x92\x67\x1e\x1a\x63\x75\x2a\x3e\xcf\xed\xf6\xb0\x62\xe3\x1e\
\xa6\x7c\xb3\x92\xd5\x5b\xa2\xb4\xf5\x72\x0f\x0c\x0c\xa0\x6f\xf7\
\xf6\x0c\xbe\xa6\x3b\xc3\x06\xf6\x64\xd4\xd0\xab\x68\xd8\x20\x5c\
\x4b\x6c\x6f\xf2\x78\x3c\x3c\xfe\xbb\xff\x63\xda\xdc\xb5\x56\xa7\
\x72\x59\x37\x0f\xee\xc3\x6b\xcf\x4d\xe0\x96\x61\x57\x5b\x9d\x8a\
\x57\x79\x3c\x1e\xe6\xaf\xdc\xce\x1f\xff\x3d\x83\xc3\xc7\x7d\xfe\
\xc6\x39\x1b\x68\x68\x75\x12\xb5\x49\x6d\x2d\x00\x40\xfd\xd9\x9f\
\x04\xfe\x86\xaa\x3a\xfd\xce\x53\x3f\x1b\xcd\x87\x7f\x7d\x5a\xfa\
\x06\x54\x43\x99\xab\x9c\x0f\xa7\x2d\xe6\xc3\x69\x4b\x88\x3f\xe3\
\xfd\x1b\x92\x80\x00\x07\x03\xfb\x75\x65\xcc\x4d\xd7\x72\xfb\x88\
\x01\x5c\xdd\xab\xa3\xd7\xaf\x59\x5d\x2e\x57\x39\x77\x3d\xf5\x16\
\x4b\xd7\x99\x3e\xf2\xe5\x75\xfd\xfb\x76\xe6\xb5\x67\x27\x70\xf7\
\xe8\xc1\x7e\xdd\x48\xab\xbc\xdc\xcd\xd7\x0b\x36\xf0\x97\x0f\x66\
\x72\xf2\x74\xaa\xd5\xe9\x54\xd7\x52\xe0\x76\xab\x93\xa8\x4d\xfc\
\xf7\x27\xa2\xf2\xc2\x80\x97\x81\x17\x80\x26\x16\xe7\xa2\xdd\x90\
\xfe\x3d\x98\x37\xf9\x75\x9a\xf9\xf1\xb3\x51\xdd\xd6\x6c\xd9\xcf\
\x0b\x7f\xfe\x84\xa3\x27\xac\x3b\x87\xdd\xad\x63\x2b\x1e\x18\x77\
\x03\x0f\xdc\x31\x8c\xee\x9d\x5a\x5b\x96\xc7\xa5\x14\x15\x97\x32\
\x64\xfc\xab\x44\x1d\x8e\xb3\x3a\x95\x4a\xe9\xde\xa9\x35\xaf\x3e\
\x3b\x9e\x87\xee\xba\xe9\x82\xe3\x6b\xfe\xc4\x59\xe6\xe2\xb3\x59\
\xab\xf9\xc7\x87\xb3\x48\x4a\xcd\xb2\x3a\x9d\xaa\x7a\x03\xf8\x97\
\xd5\x49\xd4\x26\x52\x00\xfc\x20\x18\x98\x00\x3c\x0e\x0c\x03\x82\
\xac\x4d\x47\x9f\x8e\x6d\x9b\xb3\xf2\xab\xbf\xd2\xb9\xbd\x7f\xf7\
\x58\x37\xcb\x59\xe6\xe2\x57\x7f\x9a\xcc\xd4\x99\xab\xac\x4e\xe5\
\x27\xfa\xf7\xed\xcc\x93\x0f\x8c\xe6\x67\x77\xde\x48\x58\xa8\x7d\
\xf6\x0d\x9c\x3c\x9d\xca\x80\x71\xbf\x21\x33\x3b\xdf\xea\x54\x2a\
\xad\x6d\xcb\x26\xbc\xf2\xd4\xdd\xfc\xf2\xfe\x51\xd4\x0b\x09\xb6\
\x3a\x1d\xaf\x29\x2e\x71\xf2\xd1\x97\x4b\x78\x67\xf2\x3c\x5f\xfa\
\xfb\x19\x86\x6a\x04\x24\x6a\x88\x14\x00\x17\x17\x01\xdc\x02\x0c\
\x06\xfa\x01\xbd\x80\xa6\x5c\xfa\xfb\x95\x0b\xb8\x81\xba\x80\x2d\
\x0f\x26\x37\x69\x18\xc1\xd2\x2f\xfe\xc4\x80\x7e\x5d\xac\x4e\xc5\
\x96\x32\xb3\xf3\x99\xf0\xec\xdb\x6c\xd8\x1e\x6d\x75\x2a\x97\x14\
\x1e\x1a\xc2\xcf\xee\xbc\x91\x67\x1f\x1e\x43\xbf\x1e\x1d\xac\x4e\
\x07\x80\xd5\x9b\xa3\x18\xf3\xd8\x5f\x28\x2f\xb7\x7e\xaa\x5d\x55\
\x34\x6d\x14\xc1\x4b\x8f\x8f\xe3\xb9\x87\x6f\xa3\x41\xfd\x50\xab\
\xd3\xf1\x9a\xbc\x82\x22\xfe\xf3\xe9\x42\xfe\x33\x75\x01\xf9\x85\
\xc5\x56\xa7\x73\x39\xe9\xa8\xe1\x6d\xe5\x56\x27\x52\x9b\x48\x01\
\x50\x79\x0e\xa0\x31\xea\x91\x41\x21\xe0\x04\x4a\x81\x8a\x5b\xc0\
\x1d\xa8\x02\xa2\x31\xd0\xf9\xec\x47\x57\xa0\x3f\x70\x2d\x16\xae\
\x2c\x84\xd6\xab\xcb\x9c\x89\xaf\x32\xe6\xa6\x6b\xad\x4a\xc1\x96\
\x12\x53\x32\xb9\xf9\x81\x3f\xd8\xa2\xd1\x4a\x65\xdd\x32\xec\x6a\
\x5e\x79\xea\x6e\x53\x33\xdc\x75\x79\x77\xf2\x77\xbc\xfa\xf6\x34\
\xab\xd3\xa8\x96\xfa\x61\xf5\x78\xf6\xe1\x31\xbc\xfc\xcb\x3b\xfd\
\xfa\x31\x59\x46\x56\x1e\x6f\x4f\x9a\xcb\xc4\xe9\xcb\x28\x2e\xa9\
\xf9\xb6\xce\x95\x30\x15\x78\xca\xea\x24\x6a\x1b\x29\x00\x6a\x56\
\x3d\x60\x10\x30\x1c\x18\x0f\xf4\xa8\xe9\x04\x82\x02\x03\xf8\xe6\
\xff\x5e\x61\xc2\x6d\x43\x6a\xfa\xd2\xb6\x94\x93\x57\xc8\xd0\x09\
\xaf\x72\x28\xe6\x94\xd5\xa9\x54\xcb\x55\x3d\x3b\xf2\xda\x73\xe3\
\xb9\xf7\xb6\xa1\x96\x6d\x72\xf3\x78\x3c\xdc\xfb\xdc\x3b\xcc\x5b\
\xbe\xcd\x92\xeb\xeb\x50\x37\xb8\x0e\x8f\xdf\x37\x92\x57\x9e\xba\
\xdb\xaf\xdb\x6b\x27\xa6\x64\xf2\x8f\x0f\x67\xf3\xd9\xac\x55\x94\
\xb9\x6c\x2a\xd2\x9a\x41\x00\x00\x20\x00\x49\x44\x41\x54\x75\xb3\
\x3d\x06\x58\x61\x75\x12\xb5\x8d\x14\x00\xd6\xea\x03\xdc\x0b\xfc\
\x02\xa8\xb1\x9d\x5e\x81\x81\x01\x7c\xf3\xbf\x57\xb8\x77\xac\x1f\
\x16\x01\x1e\x70\xba\x5c\x38\xcb\x5c\x94\x95\xb9\x28\x2f\xf7\xe0\
\xf6\xb8\x01\x0f\x86\x61\x60\x60\x10\x18\x18\x40\x80\xc3\xc0\xe1\
\x08\xe0\x81\x17\xde\x65\xc9\xda\x5d\x56\x67\x6d\x5a\xdf\xee\xed\
\xf9\xdb\x6f\x1f\x62\xdc\xc8\x81\x96\x0c\x89\xca\xca\xc9\xa7\xef\
\xad\x2f\x92\x98\x92\x59\xe3\xd7\xd6\x29\x30\x30\x80\x07\xc7\xdd\
\xc0\xab\xcf\x8c\xf7\xeb\xce\x9a\x71\xa7\x52\xf8\xcb\x07\x33\xf9\
\x7a\xc1\x06\xdc\x6e\x1b\xb4\x77\x84\x43\xc0\xab\xa8\x93\x00\xa2\
\x86\x48\x01\x60\x0f\x41\xa8\x0d\x88\xbf\x41\x3d\x2a\xf0\xba\xc0\
\xc0\x00\xbe\xfe\xe0\xb7\xdc\x77\xfb\xd0\x9a\xb8\x9c\xd7\x95\x3a\
\xcb\xc8\x2f\x2c\xa6\xb8\xc4\x59\xe9\xe7\xd1\xb3\x16\x6f\xe6\xb5\
\x77\xbe\xf4\x72\x66\x35\x6b\x60\xbf\xae\xfc\xdf\x5f\x9f\x62\xd0\
\x55\x5d\x6b\xfc\xda\xab\x37\x47\x31\xfa\x91\x3f\xdb\x62\xa6\xbd\
\x59\x86\x61\x30\x6e\xe4\x40\x5e\x7f\xfe\x5e\x4b\xbe\x97\x35\xe5\
\xe0\xb1\x04\xde\x78\x6f\x3a\x8b\xd7\xec\xb4\x3a\x95\x73\xd6\x01\
\xbf\x47\x75\x6e\x15\x5e\xe6\xbf\xe7\x61\x7c\x8b\x1b\x38\x88\x7a\
\x0e\xb6\x15\xb5\x32\xe0\xd5\x2d\xfb\x6e\xb7\x87\x05\xab\xb6\xd3\
\xab\x4b\x5b\x7a\x76\x69\xe3\xcd\x4b\x79\x95\xb3\xcc\x45\x5a\x66\
\x2e\x39\x79\x85\x38\xcb\x5c\x95\x7e\xf3\xc9\xc9\x2b\xe4\xa9\xd7\
\x3f\xb2\x64\xcc\xad\x37\x25\xa6\x66\xf2\xf9\xec\xd5\x24\xa5\x66\
\x31\xe4\xda\x1e\x84\xd4\xad\xb9\x9d\xee\x9d\xda\x35\x27\x3b\xaf\
\x80\x1d\xfb\x4c\x0f\x84\xb1\x85\x63\x71\x89\x7c\xfa\xed\x2a\x36\
\xef\x3c\x44\xcb\xa6\x0d\xe9\xd4\xae\xb9\xd5\x29\x69\xd7\xb4\x71\
\x03\x1e\x1c\x77\x03\xa3\x86\x5e\x45\xcc\xc9\x24\x4e\x25\x59\xde\
\x5e\xb8\x03\xaa\x3f\x4b\x17\x54\x11\x90\x6b\x6d\x3a\xfe\x4d\x0a\
\x00\xfb\x89\x43\x15\x02\xf1\xc0\x00\xa0\xbe\xb7\x2e\xe4\x76\x7b\
\x58\xb4\x66\x27\xc3\x06\xf6\xa4\x7d\xeb\xa6\xde\xba\x8c\xd7\xe4\
\xe4\x15\x92\x9e\x9d\x4f\x79\x79\xd5\x9f\x65\xbe\xf5\xd1\x6c\x1d\
\x93\xcb\x6c\xc9\xe3\x81\x3d\xd1\x27\xf8\x7c\xf6\x1a\xda\xb5\x6a\
\x42\xef\xae\xed\x6a\xec\xda\x37\x5d\xd7\x87\x05\xab\xb6\x93\x9e\
\xe9\x3f\xaf\xdb\x27\x4f\xa7\x32\x7d\xfe\x7a\x96\xad\xdf\x4d\xa3\
\xc8\xfa\x74\xeb\xd8\xda\x92\xc7\x2c\xde\xd4\xb6\x65\x13\x1e\xbf\
\x6f\x24\xfd\xfb\x74\xe6\x60\x4c\x02\x69\x19\x96\xfe\xfd\x19\x40\
\x5f\xe0\x19\xd4\x86\xea\xdd\x40\x89\x95\x09\xf9\x2b\x29\x00\xec\
\xc9\x03\x44\xa1\x0a\x81\xa6\xc0\x35\xde\xba\x90\xab\xbc\x9c\xf9\
\x2b\xbf\xe7\xb6\xe1\xfd\x7d\x67\x17\xb4\x07\x32\xb2\xf3\xc8\x2b\
\xa8\xde\xb1\xa6\xf8\x33\xa9\xfc\xfe\x9f\xd3\xfc\x62\xa9\xfa\x72\
\x8a\x8a\x4b\x99\xbb\x6c\x1b\x27\x12\x92\x19\x31\xa4\x1f\x75\x83\
\xbd\x7f\x00\x25\x30\x30\x80\x6b\x7a\x77\xe2\x8b\x39\x6b\x6c\x31\
\x39\x50\xa7\xa4\xd4\x2c\x66\x2f\xd9\xc2\x9c\xa5\x5b\x09\x0b\x0d\
\xa1\x57\xd7\xb6\x04\x38\xfc\x63\xd8\xd3\x39\x5d\x3b\xb6\xe2\xe9\
\x9f\x8d\xa1\x73\xbb\x16\xec\x3b\x14\x47\x4e\x5e\xa1\x95\xe9\x04\
\x02\x43\x50\x2b\x02\x65\xc0\x5e\xe4\x98\xa0\x56\x52\x00\xd8\x9b\
\x13\x58\x84\x5a\x0a\x1b\x8e\x3a\x82\xa8\x5d\xa9\xb3\x8c\x45\xab\
\x77\x30\xe1\xb6\xeb\x7d\xe2\x4c\x74\x56\x6e\x3e\xf9\x85\xd5\xbf\
\x21\x98\xf8\xd5\x32\x76\x47\xfb\xd5\x00\x95\xcb\x3a\x70\x34\x9e\
\x99\x8b\x36\x31\xf0\xaa\xae\xb4\x69\xd9\xd8\xeb\xd7\x6b\xdd\xa2\
\x31\x49\xa9\x59\xec\x89\x3e\xe1\xf5\x6b\x59\x21\x23\x2b\x8f\x05\
\xab\xb6\xf3\xd5\xbc\xf5\x04\x06\x06\xd0\xa7\x7b\x7b\xbf\xea\x2e\
\x68\x18\x06\xfd\x7a\x74\xe0\xb9\x87\x6f\xa3\x49\xc3\xfa\xec\x3d\
\x78\x82\x42\x4d\x33\x30\xaa\x29\x04\x18\x0d\x3c\x84\x1a\xeb\x7e\
\xd8\xca\x64\xfc\x89\x7f\xad\x63\xf9\xb7\x26\xa8\x29\x86\x37\x7a\
\xeb\x02\x7d\xba\xb7\x63\xdb\xbc\xf7\x6c\xd5\x6d\xae\xa2\xc2\xa2\
\x52\xd2\xb3\xaa\xbf\x3c\x59\xea\x2c\x63\xf0\xdd\xbf\x23\x3b\xb7\
\x40\x63\x56\xbe\xa1\x4e\x50\x20\x1f\xfd\xed\x69\x9e\x7c\x70\xb4\
\xd7\xaf\x95\x95\x93\x4f\xf7\xe1\xcf\x99\xfa\xbb\xaa\x20\x1d\xf5\
\xe2\xdf\x5b\x57\x40\x5d\xce\x35\x15\x7a\xfe\x91\xb1\x44\x84\xd7\
\xb3\x3a\x1d\xed\xf2\x0b\x8b\xf9\xcf\xd4\x05\xfc\xdb\x3e\xcd\x84\
\xd6\x00\x8f\xa1\xc6\xbb\x0b\x13\xfc\xa7\x6c\xf5\x7f\x45\xc0\xd7\
\xa8\x69\x59\x03\xbd\x71\x81\xb4\x8c\x5c\x8e\xc5\x9d\xe1\xbe\xb1\
\x43\x6d\xf9\x8c\xd3\xed\xf1\x90\x96\x99\x63\x6a\xe9\x7e\xc9\x9a\
\x5d\x2c\x58\xb5\x5d\x63\x56\xbe\xa3\xdc\xed\x66\xf1\xda\x5d\xa4\
\x67\xe6\x72\xcb\x0d\x57\x7b\x75\xf9\x3a\xa4\x6e\x30\x4d\x1a\x45\
\xb0\x70\xd5\x0e\x5d\x21\xeb\x01\x63\x51\xc7\xc4\xda\x03\xb6\xd9\
\xb9\x5a\x58\x5c\xca\xba\x6d\x07\x98\x38\x7d\x19\x79\xf9\x45\xf4\
\xe9\xde\x8e\x30\x1f\x1c\xf5\x7c\x29\xc1\x75\x82\xb8\xe9\xba\x3e\
\x3c\xf1\xe0\x2d\x38\xcb\x5c\x44\x1d\x3a\x69\x75\xe7\xc7\x8e\xa8\
\x02\xe0\xd8\xd9\x0f\x51\x4d\x52\x00\xf8\x16\x37\xb0\x0c\x38\x83\
\x5a\x12\xd3\x3e\xe6\xef\x48\xec\x19\x0c\xc3\xe0\xa6\xeb\xfa\xe8\
\x0e\x6d\x5a\x6e\x7e\x91\xe9\x2e\x66\xef\x4d\xf9\xce\x5b\xd3\xd2\
\x72\x50\x1b\x37\x13\x80\x0c\xd4\xe3\x9b\x10\x6c\xf8\x33\xb6\xeb\
\xc0\x71\x76\x46\x1d\xe7\xee\xd1\xd7\x79\x75\x52\x64\xbf\x1e\x1d\
\x58\xbb\xed\x80\xae\x9d\xe5\x06\x6a\x15\xec\x6f\xa8\x51\xde\x1b\
\x81\x96\x40\x27\x1d\xc1\x75\x28\x75\x96\xb1\x65\xf7\x61\x3e\xfe\
\x6a\x29\xc9\x69\xd9\xf4\xec\xd2\xd6\x27\x1e\xa9\x55\x56\x68\x48\
\x5d\x6e\xbd\xf1\x5a\x1e\xbe\xe7\x66\xb2\x73\x0b\x88\x3e\x16\x6f\
\xe5\x3e\x8f\x10\xe0\x3e\xa0\x18\xf0\xdd\x0e\x54\x16\xb3\xdf\x6d\
\x9e\xa8\xac\x1b\x81\x85\xa8\x5d\xb2\x5a\x19\x86\xc1\xfc\x29\x6f\
\x70\xe7\xa8\x41\xba\x43\x57\x9b\xc7\xe3\xe1\x4c\x4a\xa6\xa9\x3b\
\x0f\x67\x99\x8b\xab\xc7\xbc\x44\x51\x89\xb6\xe7\x99\xbb\x81\x4f\
\x50\x77\xa5\xc9\x17\xf9\xfd\x20\xd4\x71\xa6\xde\x67\x3f\xfa\xa0\
\xfe\xde\x22\x75\x25\x60\xc6\xf5\xd7\x76\x67\xc9\xe7\x7f\x22\x32\
\xc2\x2b\x5b\x4b\x00\xd8\xbe\xef\x18\x83\xef\xfe\x9d\xae\x70\x1e\
\xe0\x2a\xe0\xc0\x8f\xfe\xdf\xb5\xc0\xeb\xc0\xdd\xa8\x36\xdc\xb6\
\x11\x14\x18\xc0\x03\xe3\x6e\xe0\xb5\x67\x27\xf8\xf4\x51\xdb\x4b\
\x89\x3e\x9a\xc0\xab\x6f\x4f\x63\xf9\x06\xcb\x8f\xec\x7f\x08\xbc\
\x84\xfa\xf7\x21\xaa\xc0\x76\x77\x27\xa2\xd2\x12\x50\xab\x01\x77\
\x01\xe1\xba\x83\xaf\xdc\xb4\x8f\xfb\xef\x18\x66\x9b\x3b\x98\x92\
\xd2\x32\xd3\xcf\x1f\x77\x44\xc5\x30\x6b\xc9\x66\x1d\xe9\x78\x50\
\xa3\x4b\x1f\x43\xed\x4c\xbe\xd4\x86\x02\x37\xea\xd9\xf5\x21\x60\
\x3d\x30\x0b\x78\x1f\x58\x85\x2a\x18\x42\x51\xfd\x1e\x2c\x29\xc4\
\x4f\x27\x67\xb0\x7c\xc3\x1e\xee\xb9\x75\xb0\xd7\x96\xac\x5b\xb7\
\x68\x4c\xd4\xa1\x38\x8e\xc5\x69\x79\x5c\x6b\xa0\x66\x6c\xcc\xf9\
\xd1\xff\x4b\x06\x66\xa3\xbe\xb7\xa1\xa8\x42\xcb\x16\xaf\x6b\x6e\
\xb7\x87\x03\x47\xe2\x99\xfc\xf5\x72\xa2\x0e\x9d\xa4\x63\xdb\x66\
\xb4\x6a\xde\xc8\xea\xb4\xb4\x69\xd6\xb8\x01\x0f\xdd\x75\x13\x37\
\x0c\xec\xc5\xc1\x63\x09\x24\xa7\x65\x5b\x95\xca\x20\xd4\x71\xe9\
\x95\x56\x25\xe0\xab\x6c\xf1\x83\x22\xaa\x2d\x15\x98\x07\xdc\x06\
\x68\x7d\x65\x29\x29\x75\xb2\x7d\xef\x51\x1e\x9d\x30\xc2\x16\x47\
\x9d\x0a\x0a\x4b\x28\x75\x96\x99\x8a\xf1\xf5\xc2\x0d\xec\xd1\xb3\
\xfb\x7f\x12\xaa\x00\xa8\x0e\x0f\x70\x1a\xd5\xf1\x6c\xca\xd9\x8f\
\x14\x54\x2b\xe8\x26\x3a\x92\xab\x8a\xd4\x8c\x1c\x56\x6f\x8e\xe2\
\xfe\x3b\x86\x11\x52\xb7\x8e\x57\xae\xd1\xbb\x5b\x3b\xa6\xcc\x5c\
\xa9\xeb\xd8\x65\x0f\x60\x26\x50\x71\xd8\x7d\x26\x6a\x45\x6c\x1a\
\xea\x75\xad\x0f\x36\x19\xe9\xed\xf1\xc0\xd1\x13\x67\xce\x37\x15\
\x6a\xdd\xbc\x11\x1d\xdb\xfa\x4f\x53\xa1\x0e\x6d\x9a\xf1\xd4\x83\
\xa3\x69\xdd\xa2\x31\xfb\x0e\xc5\x91\x57\x50\x71\x3e\x5a\x8d\x18\
\x8c\x7a\xec\x26\xe3\x84\xab\x40\x0a\x00\xdf\x97\x83\xba\x23\xba\
\x1d\x75\x77\xa4\x4d\x62\x4a\x26\xc5\x25\x4e\x6e\x19\x76\xb5\xce\
\xb0\xd5\x92\x57\x50\x84\xcb\xe4\xf0\x92\x7f\x4d\x9c\x43\x7a\x56\
\x9e\xd9\x54\x5c\xa8\xef\xb5\xae\x57\xb9\x02\xd4\x33\xcc\x89\xa8\
\x61\x28\x2e\xd4\x04\xc9\x1a\xdb\x45\x96\x9a\x91\xc3\xa6\x9d\x87\
\x78\xe0\x8e\x61\x5e\xd9\x13\xd0\xb4\x71\x03\x4e\x9c\x4a\x61\xff\
\x91\x93\x3a\xc2\x19\xa8\x29\x9c\xab\x2f\xf1\xfb\x79\xa8\xef\xe3\
\xd4\xb3\x9f\xd7\x07\x1b\x8d\xe8\x3e\x79\x3a\x95\xaf\xbe\x53\x4d\
\x85\x1a\x37\xf4\x9f\xa6\x42\x86\x61\x70\x75\xaf\x8e\xdc\x3d\xfa\
\x7a\xc2\x42\xeb\x12\x7d\x34\x9e\x92\x52\x73\x05\x7b\x35\xdc\x0c\
\xec\x02\x6a\xcf\x19\x5f\x93\x7c\xff\x5f\x9e\x38\xa7\x05\x6a\x99\
\xb9\x9b\xce\xa0\x86\x61\xb0\xf4\x8b\x3f\x59\x3e\x42\xf8\x74\x72\
\x86\xa9\xe7\xff\x45\x25\xa5\xf4\xb9\xe5\x57\x3a\x06\x9f\x6c\x40\
\xbd\xd0\x78\x53\x3d\x54\xf3\x93\xdf\x52\x83\xbb\xdd\x6f\x19\x76\
\x35\x4b\xbe\xf8\x93\x57\xce\xb4\x9f\x3c\x9d\x4a\xd7\x9b\x9f\x31\
\x5d\xc4\x9d\x95\x81\x5a\x31\xa9\xcc\x66\x8e\x70\x54\x47\xb9\xdf\
\x00\xb6\xbb\xed\xee\xd9\xa5\x0d\xaf\x3e\x33\x9e\x07\xef\xbc\xd1\
\x2f\x7a\x09\x94\x94\x3a\x49\x49\xcf\x21\x37\xbf\x88\x89\xd3\x97\
\xf1\xe5\xdc\xb5\xa6\x57\xee\xaa\x28\x1b\xf5\x18\xc8\x77\x66\x7b\
\x5b\xc8\xf7\xff\xc5\x89\x73\x0a\x50\x2b\x01\x63\xd1\xbc\x94\xbc\
\x6e\xdb\x01\x7e\x71\xef\xc8\x1a\xed\x2b\xff\x63\xae\x72\x37\xb9\
\x26\x3b\x92\x1d\x8d\x3d\xc3\x37\x0b\x37\xe9\x48\xe7\x2b\x54\x11\
\xe0\x4d\x65\xc0\x0e\xe0\x23\xd4\xdd\x4c\x77\x6a\xe0\xf1\xc0\x89\
\x53\x29\x64\xe5\x14\x70\xdb\xcd\xfa\xe7\x51\x45\x46\x84\x71\xec\
\x44\x22\xd1\xc7\x12\x74\x84\xab\x07\x1c\x01\xa2\x2b\xf1\xb9\x4e\
\xd4\x0a\xcb\x87\xa8\xef\x65\x2f\x34\x3f\x2e\x33\x23\xfd\x47\x4d\
\x85\x0c\xc3\xa0\x6f\xf7\xf6\x04\x79\xf1\x64\x86\xb7\x05\x06\x06\
\x50\xea\x74\x11\x10\xe0\x60\xd8\x80\x9e\x4c\x18\x33\x84\xa2\xe2\
\x52\x8e\x1c\x3f\x5d\x53\x9d\x37\x43\x50\x3f\x2f\xdf\xd4\xc4\xc5\
\x7c\x9d\x14\x00\xfe\xa5\x10\xb5\x23\xfd\x7e\x34\x6e\x0c\x2c\x28\
\x2c\x21\x39\x2d\x9b\xbb\x47\x0f\xd6\x15\xb2\x4a\x4a\x4a\x9d\xa6\
\x3b\x91\x6d\xdb\x73\x84\x95\x9b\xf6\xe9\x48\xe7\x5f\x40\x4d\xb5\
\xb8\x73\x03\xfb\x51\x7b\x0e\x0e\xa3\x76\xbc\x7b\xf5\x04\xc1\xae\
\xfd\xc7\x69\xd1\x34\x92\xfe\x7d\x3a\x6b\x8f\xdd\xa1\x4d\x33\xa6\
\x7c\xa3\x6d\x9f\x56\x53\xe0\x8b\x2a\x7c\x7e\x39\xea\x7b\x39\x19\
\x88\x41\x9d\xce\x68\xa6\x2b\x19\xb3\x72\xf3\x0b\x59\xb1\x71\x2f\
\x9f\xcd\x5a\x4d\x99\xab\x9c\xbe\xdd\xdb\xd7\x48\xeb\x66\x6f\xa8\
\x13\x18\x78\x7e\xc3\x6e\x58\x68\x08\x23\x86\xf4\x63\xe4\xd0\xab\
\x38\x95\x94\x5e\x53\xc3\x86\xba\xa2\x0a\xc4\x43\x35\x71\x31\x5f\
\x26\x05\x80\xff\xc9\x41\x3d\x0a\x78\x08\xd0\xb6\xab\xeb\xc0\x91\
\x78\xae\xee\xd5\x91\xee\x9d\x5a\xeb\x0a\x59\x69\x45\x25\x4e\xd3\
\x53\xfb\x16\xaf\xd9\xc9\xee\x03\xa6\x1f\x0d\x96\x03\x2f\x52\xb9\
\xa5\x67\x9d\x3c\xa8\x17\xb3\x29\xa8\x22\x6f\x10\xe0\xb5\xe5\x98\
\x55\x9b\xf6\x31\xfc\xfa\xbe\xb4\x6d\xa9\x77\xd1\xa1\x45\xd3\x86\
\x6c\xda\x71\x90\xf8\x33\x69\x3a\xc2\xb5\x43\x35\xc6\xaa\xb8\x19\
\xf0\x4a\xdc\xa8\x95\x83\xc9\xa8\x16\xdb\xed\xb1\x53\x53\xa1\xa2\
\x12\xd6\x6e\xdd\xcf\xa4\x19\xcb\xc8\x2b\x28\xa2\x4f\xf7\xf6\x84\
\xfa\x58\x53\xa1\x80\x00\x07\xce\x32\x17\x65\x3f\x7a\xdc\xd3\xa4\
\x51\x04\xf7\xdc\x3a\x98\x6b\x7b\x77\xe2\xe8\x89\x44\x32\xcc\xef\
\xc5\xb9\x92\x6b\x50\x85\xb3\xa5\x1d\x8b\xec\x4e\x0a\x00\xff\x94\
\x8c\x1a\x26\x74\x3f\x1a\xcf\x46\x6f\xd8\x7e\x90\x5f\xdc\x3b\x92\
\x7a\x21\x35\xfb\x28\xa0\xb0\xb8\x04\xa7\xd3\x65\x2a\xc6\xb4\xb9\
\xeb\x88\x3b\x95\x62\x36\x95\x18\xe0\xdf\x66\x83\x98\xe0\x42\xed\
\x72\x9e\x86\x5a\xc6\xee\x8b\x17\xf6\xf1\x94\xbb\xdd\xac\xdd\x7a\
\x80\x5f\xdc\x37\x52\xfb\x5d\x68\x93\x46\x11\x7c\xb3\x70\xa3\xae\
\x70\x49\xa8\xf1\xd9\xd5\x15\xc3\x0f\x4d\x85\x5a\xa0\x36\x5f\xda\
\x42\xa9\xb3\x8c\x2d\xbb\x54\x53\xa1\x94\xf4\x6c\x7a\x75\xf5\xad\
\xa6\x42\x01\x81\x01\x14\x5c\x64\x5e\x47\xbb\x56\x4d\x79\x70\xdc\
\x8d\xb4\x6b\xd5\x84\xe8\xa3\x09\x14\x78\xaf\xb5\x70\x43\xd4\xeb\
\xe0\x6e\x6f\x5d\xc0\x1f\x48\x01\xe0\xbf\x62\x51\x1b\x62\x6e\xd3\
\x15\xb0\xa0\xa8\x84\x53\x49\xe9\x4c\xb8\x6d\x88\xae\x90\x95\xbb\
\x6e\x41\xc9\x4f\xee\x26\xaa\x63\xf2\x8c\xe5\x3a\xee\x3a\xb6\x01\
\xdf\x9a\x0d\xa2\x41\x01\xea\xc8\xdb\x56\x60\x04\x5e\x18\x19\x9d\
\x9b\x5f\xc8\xa9\xa4\x74\xc6\x8f\xb9\x5e\x6b\xdc\xce\xed\x5b\x30\
\x6b\xc9\x16\x32\xb2\xb5\xdc\x01\xd6\x07\x3e\xd5\x10\x27\x1e\x98\
\x01\x2c\x46\x15\x56\xdd\xb1\xc9\x06\x69\x97\xab\x9c\x9d\xfb\x8f\
\xf3\xf1\x57\x4b\x89\x4d\x48\xa1\x7b\xa7\x56\x34\x69\xa8\xbd\xf7\
\x97\x76\x81\x01\x01\x14\x16\x97\x5c\x74\xd3\xad\x61\x18\xf4\xe8\
\xdc\x86\x87\xee\xba\x91\xf0\xd0\x10\x0e\x1c\x8d\xf7\xd6\x46\xc1\
\x2e\xc0\xc7\xde\x08\xec\x2f\xa4\x00\xf0\x6f\x3b\x51\x7d\xb3\xfb\
\xe9\x0a\x78\x30\xe6\x14\x7d\xba\xb5\xab\xd1\xce\x66\xb9\x05\xc5\
\xa6\x7b\x8f\x4f\x9a\xb1\x9c\xfc\x6a\x8e\x0f\xfe\x91\x25\xa8\x26\
\x3e\x76\x71\x12\xf8\x12\xf5\x42\xd7\x43\x77\xf0\xe8\x63\x09\x44\
\xd6\x0f\xa3\x4b\xfb\x96\xda\x56\x7d\x0c\xc3\xa0\xb8\xa4\x94\xd5\
\x5b\xa2\x74\x84\x6b\x09\x7c\x8e\x3a\xfa\xa7\x43\x32\x6a\x23\xed\
\x2c\xd4\x46\xc3\x5e\xd8\xe4\x35\xd2\xed\xf6\xb0\xff\xc8\x49\x26\
\xcd\x58\xce\xfe\xc3\xf1\x74\x6c\xdb\xdc\xfe\x4d\x85\x3c\x06\xc5\
\x97\x79\x74\x17\x18\x18\x40\xff\xbe\x9d\x79\xe0\x8e\x61\xb8\xca\
\xcb\x39\x18\x73\x0a\xb7\x5b\xeb\x8a\x7d\x23\x60\x3b\x72\x2c\xf0\
\x92\x6c\x51\xe5\x0a\xaf\x0a\x41\xdd\x29\x6a\x3b\xcc\xdf\xb4\x51\
\x04\x07\x57\x7f\x54\x63\x77\x22\xa7\x93\x32\x28\x37\xf9\xc2\xd0\
\x67\xf4\x0b\x3a\x96\x1b\x9f\x41\xb5\xfe\xb5\xa3\x3f\x00\xff\xf0\
\x56\xf0\x56\xcd\x1b\xd1\xaf\x47\x07\x06\x5d\xd5\x95\x61\x03\x7b\
\x31\xe8\xaa\xae\xd5\x2e\x0a\x52\xd2\xb3\x69\x33\xf8\x71\x5d\x47\
\x02\x5f\x02\xfe\x4f\x47\xa0\x8b\x68\x83\x3a\x8a\xf9\x04\xaa\xcb\
\xa0\xad\x8c\x18\xd2\x8f\x37\x9e\xbf\x97\xe1\xd7\xf7\xb5\x3a\x95\
\x8b\x2a\x2f\x77\x73\x3a\x39\xa3\xd2\x9f\x7f\x3a\x39\x83\xf7\x3f\
\xf9\x8e\xc5\x6b\x77\xe9\x3c\x31\xf0\x2d\xf0\xa0\xae\x60\xfe\x46\
\x0a\x80\xda\xa1\x3d\xaa\x65\xad\xb6\x1d\xe4\x13\x6e\x1b\xc2\x9c\
\x89\xaf\xea\x0a\x77\x59\x66\x37\x8d\x95\xbb\xdd\x74\xb9\xf1\x69\
\x1d\x2f\x2a\x63\x51\xed\x97\xed\x20\x14\x18\x06\x8c\x04\x46\xa1\
\x1a\xde\xd4\xd8\xcf\x73\x50\x60\x00\x43\xfa\xf7\xe4\xb6\x9b\xaf\
\x65\xec\xf0\x01\x55\x5e\x11\x1a\xf7\xc4\x3f\x58\xbc\x66\xa7\x8e\
\x54\xd6\xa2\xbe\x07\xde\xd4\x18\xb5\xf9\xf3\x57\xd8\x64\x8e\xc3\
\x8f\x0d\xec\xd7\x95\xd7\x9f\x9f\xc0\xb8\x91\x83\x70\x38\xec\xf5\
\x92\x9e\x9c\x96\x45\x69\x15\xf7\xef\xec\x88\x3a\xc6\xab\xff\x9a\
\x46\x42\xa2\x96\x13\x03\xf9\xa8\x13\x23\x17\x6e\x48\x10\xf6\x58\
\xde\x12\x5e\x97\x83\x3a\xba\x76\x9f\xae\x80\x87\x8f\x9f\xa6\x67\
\xe7\x36\xf4\xea\xda\x56\x57\xc8\x8b\xf2\x80\xe9\x1e\x00\xb9\x79\
\x85\x7c\xf2\xf5\x0a\x1d\xe9\x4c\x44\xb5\xf1\xb5\x4a\x28\xf0\x00\
\xf0\x1e\x6a\x87\xf3\xa3\xc0\xf5\xa8\xe3\x6c\x35\xfa\xca\xef\x76\
\x7b\x88\x3f\x93\xc6\xea\x2d\x51\x4c\x9c\xbe\x8c\x6f\x17\x6d\x22\
\x33\x3b\x9f\x96\xcd\x1a\xd2\x28\xf2\xca\x5b\x12\x82\xeb\x04\x31\
\x7b\x89\x96\xae\xad\xcd\x51\xf3\x15\xb4\x2c\x27\x5c\x42\x11\xea\
\x64\xcd\x44\x7e\x68\x34\xa3\x7d\xfe\x46\x75\x25\xa6\x66\x32\x6b\
\xf1\x66\xe6\x2d\xdf\x46\x78\x68\x08\xbd\xba\xb4\xc5\x61\x83\xf6\
\xdd\xa0\x56\x01\xaa\xda\x11\xb0\x75\xf3\xc6\xdc\x79\xcb\x75\xec\
\x89\x8e\x25\x29\xad\xaa\x87\x3c\x2e\x10\x8c\xda\xbb\x23\x8f\x01\
\x2e\xc2\x5e\xe5\xa2\xf0\xb6\xa9\xa8\xe5\x4c\x2d\x5a\x34\x8d\xe4\
\xf0\x9a\x89\x5e\xdd\x9d\xec\x76\x7b\x4c\x9f\x1d\x4e\xcb\xcc\x65\
\xd0\x9d\xbf\xd5\x91\x4e\x4f\xd4\xf9\xe2\x9a\x64\x00\x37\xa0\xde\
\xec\x27\x60\xa3\x37\x9e\x4b\x19\x7c\x4d\x77\x9e\x79\xe8\x56\xee\
\xbb\x7d\x28\x75\x83\x2f\x7e\x12\xd5\x59\xe6\xa2\xd5\xa0\xc7\x74\
\x1d\x07\x1b\x8a\xb9\xd3\x00\x55\x15\x0c\xfc\x02\xf8\x1d\x6a\x8f\
\x8d\xad\xb4\x6f\xdd\x94\xdf\x3d\x7d\xcf\xd9\xe6\x5d\xde\x99\xef\
\x50\x59\xa5\xa5\x65\x24\xa7\x57\x6f\x48\x50\x7e\x41\x31\x13\x9e\
\x7b\x9b\x18\xf3\x83\xa4\xde\x02\xde\x34\x1b\xc4\x1f\xc9\x0a\x40\
\xed\xb2\x0e\xb8\x07\x4d\x33\x03\x0a\x0a\x4b\xc8\xc9\x2d\xe4\xf6\
\x11\x03\x74\x84\xbb\x28\x8f\xc7\x43\x6e\xbe\xb9\xb6\xfb\xce\x32\
\x17\x9f\x7c\xa3\x65\x05\xe0\x2d\x2e\x3d\xf9\x4f\xb7\x60\xe0\x97\
\xa8\x67\x98\xbf\x41\xed\xe1\xb0\xa6\x15\x63\x15\x9d\x49\xce\x60\
\xc1\xaa\xed\x4c\x9a\xb1\x9c\xdc\xbc\x42\x7a\x77\x6b\x77\xc1\xb4\
\xc1\x80\x00\x07\xc7\x4e\x9c\x61\xdf\xa1\x38\x1d\x97\x8c\xa5\x66\
\x87\xc0\x94\xa3\x8e\x97\x4d\x04\x8e\xa1\x1a\xcf\xd8\xa6\xa9\x50\
\x4e\x5e\x21\xcb\xd6\xef\xe6\xd3\x6f\x57\xe1\x2a\x2f\xa7\x6f\x8f\
\xf6\x04\xd7\xb1\xa6\xa9\x90\xc3\xe1\xa8\xf6\xcf\x6f\x70\x9d\x20\
\x06\xf5\xeb\xca\xec\x25\x5b\xcc\xee\x01\x72\xa1\x3a\x78\x8a\x0a\
\xa4\x00\xa8\x5d\xce\xb5\x98\x7d\x1c\x4d\xfd\x01\xf6\x1d\x3a\xc1\
\xa8\xa1\x57\xd3\xa6\xa5\xd6\x39\x44\xe7\xb9\x3d\x1e\xf2\x4c\x16\
\x00\x1e\x8f\x87\x89\xd3\xb5\x3c\xba\x7f\x0b\xef\x3f\x4b\x0c\x45\
\x3d\x6b\xfe\x16\xf8\x19\xea\x3c\xb3\x4f\x2a\x2e\x71\x9e\x3f\xcb\
\x9e\x9c\x96\x4d\x9f\xee\xed\x89\x08\xaf\x77\xfe\xf7\x0d\x0c\xbe\
\x5d\xac\xa5\x3d\x73\x19\xaa\x29\x50\x4d\xab\xd8\x54\xa8\x1d\x76\
\x6c\x2a\x34\x7d\x19\xf9\x85\xc5\x96\x34\x15\x32\x0c\x83\x82\xa2\
\x8b\x1f\x07\xac\x8c\x46\x91\xf5\xc9\xcd\x2f\x34\x5b\x28\x86\xa2\
\x1e\x13\x89\x0a\xe4\x11\x40\xed\xf4\x36\xa0\x6d\x07\x5f\xaf\xae\
\x6d\xd9\xbb\xf4\x03\xaf\x4c\x92\x73\x95\x97\x73\x26\x39\xd3\x54\
\x8c\xb2\x32\x17\x5d\x6f\x7e\x46\x47\x3a\xcd\x00\x2d\x6d\xec\x2e\
\x22\x18\x78\x19\xb5\xeb\xdc\x3b\xd5\x94\xc5\xea\x06\xd7\xe1\xc5\
\x5f\xdc\xce\x6b\xcf\x4e\x20\x32\x22\x8c\xe2\x12\x27\x8d\xaf\x7e\
\x88\x22\x93\x6d\x9e\x51\x1b\xbd\x1a\x60\x8f\xae\x6f\x37\x02\xaf\
\x03\xa3\xad\x4e\xa4\xa2\x7a\x21\xc1\xfc\xf2\xfe\x51\xfc\xf6\xc9\
\xbb\x68\xd7\xaa\x69\x8d\x5d\x37\x2d\x23\x97\xa2\x92\xea\xff\x1d\
\xa7\xa4\x65\x33\x64\xc2\xef\xcd\x0e\xf2\x0a\xa7\xe6\x56\xef\x7c\
\x86\x3d\x76\x8a\x88\x9a\xf6\x17\xe0\xa8\xae\x60\x87\x62\x4e\xf1\
\xfe\x94\xf9\xba\xc2\xfd\x84\x43\xc3\xa8\xd4\xa0\xa0\x40\x5d\x23\
\x57\xbd\xb5\x8e\x3a\x06\x75\x27\xf9\x2f\xfc\xf4\xcd\x1f\xd4\x4c\
\x87\x77\x27\x7f\x47\xa7\x1b\x9e\xe2\xa3\x2f\x97\x52\x27\x28\x50\
\xd7\xa8\xe9\x70\xa0\x83\x8e\x40\x1a\x6c\x04\x6e\x45\xcd\x6d\x98\
\x8b\x3d\x8a\x12\x00\x8a\x8a\x4b\xf9\x70\xda\x12\xba\xdc\xf8\x34\
\x8f\xfd\xf6\x03\x8e\xc4\xd6\xcc\x7e\xd6\x80\x40\x73\x6f\x33\xcd\
\x9b\x46\x72\x4d\x6f\xd3\x4d\x1a\xbd\xbb\x5b\xd9\x47\x49\x01\x50\
\x3b\x95\xa0\x9e\x2f\x6b\x7b\x71\xfa\xc7\x87\xb3\x88\x8d\x4f\xd6\
\x15\xee\x3c\x87\xa1\xe7\x9f\x68\xfd\x30\x2d\x23\xe1\x75\xef\xa8\
\x6a\x07\x7c\x87\x3a\x5a\xd8\x45\x73\x6c\xdb\xca\xce\x2d\xe0\x85\
\x3f\x7f\xc2\xa0\xbb\x5e\xa1\x65\x33\x6d\x4f\x38\x7a\xe9\x0a\xa4\
\xc9\x5e\xe0\x5e\x54\x83\xa6\xcf\x51\x53\x09\x6d\xa1\xcc\x55\xce\
\x97\xf3\xd6\xd1\xfb\x96\x5f\x31\xfe\x99\x7f\xe9\x98\x91\x71\x59\
\x3a\x8a\xf8\x6b\xfb\x74\x32\x1b\xc2\xf6\x9b\x67\xad\x20\x05\x40\
\xed\xb5\x0d\x8d\x0d\x54\x8a\x4b\x9c\x3c\xfb\xe6\x44\x5d\xe1\x7e\
\x60\xe8\x79\x01\x69\xd6\xb8\x81\x86\x64\xb4\xbd\x88\x18\xc0\xaf\
\x51\x13\xfe\xee\xd6\x14\xd3\xe7\xec\x89\x8e\xd5\xb5\x37\x03\xd4\
\x09\x0d\x3b\x8a\x41\x15\xdb\x9d\x81\x0f\x50\xc3\x9c\x6c\xc1\xed\
\xf6\xf0\xdd\x8a\xef\x19\x30\xee\x37\xdc\xf2\xf0\x9f\x58\xb7\xed\
\x80\x57\xae\xa3\xe3\x48\xa2\x86\x47\x16\xf5\xae\xfc\x29\xb5\x8f\
\x14\x00\xb5\xdb\x1f\xd0\x38\xda\x76\xcd\x96\xfd\x4c\xff\x6e\xbd\
\xae\x70\xe7\xe9\x68\x6e\xd2\xac\x89\x96\xfe\x2d\x2d\x34\xc4\x68\
\x82\x6a\x29\xfc\x5f\xe4\x45\x49\x27\xbb\xad\x00\x54\x74\x1a\xb5\
\xc7\xa3\x3d\xf0\x77\x54\x3f\x01\xdb\x58\xbd\x39\x8a\x11\x3f\x7b\
\x93\xeb\xee\x7a\x85\x85\xab\x77\xe8\xec\xc4\xa7\xa5\x80\xf7\xb5\
\x89\x88\xbe\x42\x0a\x80\xda\xad\x08\xd5\x17\x40\xdb\x4f\xfb\x6f\
\xff\xf1\x39\x99\xd9\xf9\xba\xc2\x01\x7a\xee\x20\x34\xad\x00\x98\
\x2d\x00\x86\xa3\x66\xd2\x6b\x1b\xd0\x24\xce\xb3\xeb\x0a\x40\x45\
\x19\xc0\x9f\x50\x8f\x7f\x7e\x87\x9a\x3f\x60\x1b\x3b\xa2\x62\xb8\
\xeb\xc9\xb7\xe8\x33\xfa\x05\x66\xcc\xdf\xa0\xa5\x5d\xb3\x5b\x43\
\x31\x51\x58\x64\xfa\xf0\x8d\x6c\x00\xbc\x08\x29\x00\xc4\x06\xd4\
\x31\x26\x2d\xd2\xb3\x72\xf9\xdd\x3f\xbf\xd0\x15\x0e\x50\x67\xc6\
\xcd\x6a\xde\x44\x4b\x01\xd0\xb2\x9a\x5f\x67\xa0\xee\xfa\x56\xa3\
\x67\x15\x41\x5c\xa8\x9d\xd5\x09\x54\x51\x3e\xea\x68\x5a\x07\xd4\
\x8c\x09\x6d\x2b\x71\x3a\x1c\x8a\x39\xc5\xc3\x2f\xff\x87\xae\x37\
\x3f\xc3\xa4\x19\xcb\x29\xb9\xcc\x50\x9f\x2b\xd1\x31\xe0\x27\x21\
\xd1\xf4\xe1\x9b\x5c\xd3\x49\xf8\x21\x29\x00\x04\xa8\x23\x81\xda\
\xb6\x04\x4f\x9b\xbb\x96\x0d\xdb\xa3\x75\x85\x23\x28\xd0\xfc\xf1\
\xc2\x0e\x6d\xb4\xf4\x69\xa9\x4e\xd7\xb7\x60\xe0\x1b\x54\x27\x32\
\xf9\x79\xf3\x9e\x86\xe8\xdf\xa4\x59\x13\x4a\x51\x03\xa6\xba\xa1\
\xfa\x3e\x78\xe7\x41\x7c\x35\x9d\x3c\x9d\xca\x73\x6f\x4e\xa2\xc3\
\xd0\x27\x79\x67\xd2\x3c\xf2\x0a\xaa\xde\x93\xc3\x55\x6e\x7e\x15\
\x61\xef\x41\x53\xf5\x91\x1b\x38\x65\x3a\x09\x3f\x24\x2f\x48\x02\
\xd4\xdd\xc8\x8b\xba\x82\x79\x3c\x1e\x9e\x79\x63\xa2\xb6\x19\xdf\
\x41\x81\xe6\xfb\x55\x75\xed\xd8\x4a\x43\x26\x55\x1e\xab\xdc\x00\
\x58\x81\xea\xdf\x2f\xbc\xcb\xc0\x46\xdd\xf8\xaa\xa1\x1c\x98\x09\
\x5c\x05\xdc\x81\xda\xa4\x6b\x1b\x29\xe9\xd9\xbc\xf6\xce\x97\xb4\
\xbb\xfe\x97\xbc\xf9\xfe\x0c\xd2\xb3\x2a\x7f\x43\xed\x74\x9a\x2b\
\x00\x52\x33\x72\xd8\x13\x6d\xea\xa4\xc2\x29\x64\x18\xd0\x45\x49\
\x01\x20\xce\x59\x00\x2c\xd4\x15\xec\x58\x5c\x22\xff\xfc\x78\x8e\
\x96\x58\x3a\x0a\x80\x2e\xed\x5b\x12\x60\x7e\x2f\x41\x6f\xa0\xb2\
\xcb\x11\x6d\x80\xcd\xc0\x4d\x66\x2f\x2a\x2a\xad\xb9\xd5\x09\x68\
\xe0\x41\x6d\x12\x1d\x82\x6a\x2a\xa4\xa5\x87\xb5\x2e\x39\x79\x85\
\xbc\xf5\xd1\x6c\xda\x0f\x79\x82\x97\xfe\x3a\xf5\x8a\x73\x3a\xca\
\xdd\x6e\xca\x5c\x55\x9b\x06\x58\xd1\xb4\x39\x6b\xcd\x36\x01\xd2\
\xb7\x1c\xe9\x67\xa4\x13\xa0\xf8\xb1\x36\xa8\xa3\x69\x61\x3a\x82\
\x05\xd7\x09\x62\xdf\xb2\x0f\xe8\xd1\xd9\x5c\x77\x54\x1d\xdd\x00\
\x01\x46\xfc\xec\x4d\xe2\x4e\xa5\x98\x0d\xd3\x1b\x38\x74\x85\xcf\
\x69\x0f\x6c\xc2\xea\xb6\xb0\x21\xe1\xd0\xbe\x2f\x46\x9b\x1e\xd0\
\xa8\x35\x34\x6c\x05\x8d\x5b\x63\xd4\x0d\x03\x87\x03\x42\x7e\x34\
\xb5\xcf\x59\x0a\xc7\xa2\x20\x33\x11\xf2\xd2\xf1\x14\x64\x40\x7a\
\x3c\x9e\x94\x63\x50\x68\xab\x0d\xeb\x97\x33\x0e\x58\x6c\x75\x12\
\x5e\x70\x35\xf0\x1a\x6a\x18\x94\xad\x6e\xda\x82\x02\x03\x78\xe8\
\xae\x9b\x78\xf5\xd9\xf1\x74\xef\xd4\xfa\x82\xdf\x2f\x28\x2a\x26\
\x23\xab\xfa\x9b\x82\x4f\x25\xa5\x73\xeb\x23\x7f\xa6\xb8\xc4\x54\
\x1b\x85\x57\x81\x77\xcd\x04\xf0\x57\x52\x00\x88\x8a\x5e\x06\xfe\
\xa3\x2b\xd8\x0d\x03\x7b\xb1\x61\xd6\x3f\x4d\x77\xe2\x3b\x95\x98\
\x6e\x7a\x37\xf1\xf3\x7f\x9c\xcc\xb2\xf5\xbb\x4d\xc5\x00\x9e\x42\
\x4d\x55\xbc\x94\x16\xa8\x3b\x7f\xd3\x9d\x4b\xaa\xac\x7e\x63\x8c\
\xbe\xc3\xa1\xef\x08\x8c\x6e\x83\xa1\x59\x07\xa8\xca\xf7\xdd\xe3\
\xc6\x48\x3a\x0d\x69\xc9\x3f\x3d\x17\x92\x97\x8e\x27\xe5\x18\x9e\
\x93\xbb\xf1\x9c\xd8\x0e\xf9\x19\xda\x53\xd7\xe4\x17\xc0\x34\xab\
\x93\xf0\xa2\xae\xc0\xef\x81\x87\xb1\xd9\x7e\x07\x87\xc3\xe0\xee\
\xd1\x83\x79\xed\xd9\x09\xf4\xef\xfb\x43\xd7\xbe\xd4\xf4\x5c\x8a\
\x4b\xab\xd7\x06\xd8\x59\xe6\xe2\xc1\x17\xde\x33\xfb\xfc\x1f\x60\
\x30\xb0\xdd\x6c\x10\x7f\x24\xc3\x80\x44\x45\xbb\x80\xdb\xd1\xb4\
\x5b\x3d\x21\x31\x9d\x36\x2d\x9b\x70\x4d\x6f\x73\xef\x87\x25\xa5\
\x65\xa6\x37\x13\xa5\xa4\x67\xb3\x69\xe7\x95\x6e\xde\xaf\xa8\x18\
\xd5\xe2\xf5\x62\x1a\x01\x6b\x81\xee\x66\x2f\x52\x69\xe1\x8d\x30\
\x6e\x7e\x18\xc7\x63\xef\x62\x3c\xf6\x2e\xc6\xa0\xbb\x30\xda\xf7\
\x85\xb0\xc8\xaa\xbd\xf9\x83\xfa\xfc\xfa\x0d\x20\x34\x0c\x23\x2f\
\x17\xce\xed\xde\x0e\x0e\xc5\x68\xd4\x16\xa3\xf3\x75\x38\x06\x8c\
\xc7\xe8\x3c\x18\xea\x35\x80\xdc\x64\x70\x9a\x1b\xd4\xa4\xd9\x32\
\x54\x07\x3e\x7f\x95\x09\x2c\x42\x15\x39\x0e\xa0\x0f\x36\x29\x04\
\x3c\x1e\x38\x12\x7b\x9a\xa9\x33\x57\xf2\xfd\x9e\xa3\xb4\x6e\xd1\
\x98\xd6\xcd\x1b\x93\x95\x5b\xbd\xbb\x7f\x67\x99\x8b\x17\xff\x3c\
\x85\x2d\xbb\x0e\x9b\x4d\x2d\x09\x78\x05\x8d\x47\x9d\xfd\x89\xac\
\x00\x88\x8b\x19\x00\x7c\x8f\xa6\x02\xb1\x61\x83\x70\x8e\xac\x9d\
\x48\xd3\x46\x11\xd5\x8e\x91\x9b\x5f\x48\x76\xae\xb9\x26\x6a\xd1\
\x47\xe3\x19\xf7\xc4\x3f\x4c\xc5\x40\xbd\x08\x37\xe5\xc2\x36\xca\
\xe1\xa8\x37\x7f\xef\xcd\x46\xfe\xb1\xee\x83\x31\xc6\xbe\x80\x71\
\xed\x18\x08\xf0\xc2\x88\x82\xd2\x12\x8c\x13\xc7\xa0\xa4\xf8\xd2\
\x9f\xe3\x2e\xc7\x13\xfb\x3d\x9e\x7d\x8b\xf1\xc4\xef\xc5\x06\xaf\
\xb1\xcf\xa3\x46\xf4\xd6\x16\x8d\x81\x17\x50\xd3\x23\x6d\x37\x35\
\xb2\x7f\x9f\xce\x3c\xfd\xd0\xad\x8c\x18\xd2\xaf\x4a\x2b\x80\x29\
\x69\xd9\xbc\xf8\xd7\x29\xec\xda\x7f\x5c\x47\x1a\x1f\xa0\x56\x35\
\xc5\x45\xc8\x0a\x80\xb8\x98\x24\xd4\x8b\xcb\x20\x1d\xc1\x8a\x4b\
\x9c\x24\xa5\x66\x31\x7e\xcc\xf5\x26\xa2\xa8\xb1\xa2\x66\x34\x8a\
\xac\xcf\x67\xb3\x56\x51\x66\xae\xb9\x49\x3d\xd4\x26\xad\xa4\x1f\
\xfd\xbf\x00\xd4\x9d\xd9\x30\x33\x81\x2b\xc3\xe8\x7f\x3b\x8e\xe7\
\x26\x63\x8c\x7f\x1d\xa3\x55\x37\x70\x78\xe9\x47\x38\x30\x10\x1a\
\x36\xc1\x28\x2a\x50\xfb\x03\x2e\x9a\x8c\x43\xad\x0c\xf4\x1e\x85\
\xd1\x6d\x18\xe4\x67\x42\x56\xcd\x0c\x98\xb9\x84\x35\xd4\xae\xa5\
\xde\x22\x54\x1f\x8f\x49\x40\x16\x6a\x7f\x8a\x6d\x7a\xde\x27\xa5\
\x65\xb1\x78\xcd\x4e\x96\x6f\xdc\x4b\x78\xbd\x10\x3a\xb6\x6b\x7e\
\xd9\x9e\x1e\x39\x79\x85\x7c\xfa\xed\x6a\x5e\xfa\xdb\x54\xe2\x4f\
\xa7\xea\x4a\xe3\x39\xc0\xf4\xc6\x1f\x7f\x25\x2b\x00\xe2\x52\xea\
\xa3\x36\x04\x6a\x39\x3f\x07\xb0\x72\xfa\x5f\xab\x3d\xfd\xcd\x83\
\xda\x07\x60\xb6\x45\xe9\xc3\x2f\xff\x47\xc7\xb2\xe2\xdb\xa8\x91\
\xaf\xe7\xbc\x05\xbc\x61\x36\xe8\x65\x75\x19\x88\xe3\xe7\x6f\x41\
\xf7\xc1\x5e\xbd\xcc\x05\x3c\x6e\x8c\xf8\x13\x90\x5d\xb9\x4d\x98\
\x9e\xa4\x23\x78\x36\x7d\x8e\x27\x61\x9f\x97\x13\xbb\xa8\xdf\x03\
\xef\x59\x71\x61\x9b\x08\x06\x1e\x45\x7d\x1f\x6a\x7e\x0f\xca\x15\
\x34\xa8\x1f\xca\x4d\x83\xfb\x70\x4d\xef\x4e\xb4\x6a\xd6\x88\xe0\
\x3a\x81\x14\x15\x3b\x89\x3f\x93\xca\x8e\xa8\x18\xb6\xec\x3a\xac\
\xed\xe8\xf0\x59\xeb\x51\xdd\x37\xc5\x25\x48\x01\x20\x2e\x67\x3c\
\x97\x7e\xde\x5d\x65\x9d\xda\x35\x27\x7a\xe5\x47\x84\xd4\xad\xde\
\x63\xcb\x94\xf4\x1c\x53\x1d\xc9\x00\x26\x4e\x5f\xc6\x7b\x9f\x7c\
\x67\x2a\x06\xaa\x69\x52\x7b\xd4\x63\x80\x3b\x50\xc7\x27\xbd\xf3\
\xb3\x14\xde\x48\x3d\xdb\x1f\x72\x5f\xd5\x9f\xe9\xeb\xe2\xf1\x60\
\x24\x9c\x80\xac\xca\x6f\xfe\xf3\x1c\x5a\x83\x7b\xed\x24\x28\xae\
\xd1\x06\x6c\x6f\xa0\x46\x2a\xd7\x76\x01\xc0\x7d\xa8\x93\x03\x7d\
\x2d\xce\xc5\x4a\x63\x51\xfb\x42\xc4\x25\xc8\x23\x00\x71\x39\x47\
\x80\xfe\xa8\xdd\xc7\xa6\x65\xe7\x16\x50\x5e\xee\x66\xe4\xd0\xaa\
\xf6\xd3\x51\xdc\x1e\xb7\xd9\xe3\x40\x84\x85\xd6\xe5\xeb\x05\x1b\
\x4d\xc5\x00\x22\x50\x73\xdf\x03\x80\xe5\x80\x96\x59\xc3\x15\x19\
\xd7\xdd\x85\xe3\xb5\x79\x18\x5d\x07\x59\xf7\xe6\x0f\xea\xda\x11\
\x91\x18\xa5\x25\x97\xdf\x13\xf0\xe3\x2f\x69\xda\x11\x47\x9f\xd1\
\x90\x9f\x0e\x19\xf1\xde\xcd\xef\x07\x8b\x81\x1d\x35\x75\x31\x1b\
\xf3\x00\x07\x51\x1d\x06\x77\xa1\xda\x24\xb7\xb5\x34\xa3\x9a\xb7\
\x1e\xd5\x7d\x53\x5c\x86\xad\xce\x94\x0a\x5b\xfa\x15\x1a\x47\x98\
\xfe\x7b\xea\x7c\xa2\x8f\x26\x54\xeb\x6b\xeb\x85\x04\x9b\xbe\x7e\
\xf7\x4e\xad\x69\xde\x54\xcb\x64\xc0\xdf\x00\xf3\x50\xdd\xfe\xf4\
\xaa\x13\x82\xf1\xec\x24\x8c\x97\x67\x40\x84\xe9\x31\xa8\x7a\x18\
\x06\x9e\xf6\x9d\x21\xa2\x0a\xdf\xbb\x7a\x0d\x70\x8c\xfb\x03\x8e\
\xb1\xbf\x87\x40\xf3\x7f\x77\x95\x90\x57\x13\x17\xf1\x21\x1e\x60\
\x29\x30\x94\x1f\x9a\x0a\x59\xbe\x53\xb3\x06\x94\xa3\xc6\x6d\x8b\
\x2b\x90\x15\x00\x71\x25\xb9\x80\x13\xb8\x45\x47\x30\xb7\xdb\x43\
\xd4\xe1\x93\xfc\xe2\xde\x91\x55\xee\x0d\xe0\x70\x38\x28\x2e\x75\
\x52\x5e\x5e\xfd\xe1\x22\x86\x61\x70\xf2\x54\x2a\xd1\xc7\xaa\x57\
\x84\xfc\x48\x57\xbc\xd1\x79\xae\x45\x27\x1c\x7f\x58\x88\x71\xd5\
\x28\xed\xa1\x4d\x33\x0c\x68\xd0\x10\x72\xb3\x31\x5c\x95\x7f\x56\
\x6b\x34\xed\x84\xd1\x69\x10\x9e\x93\xbb\xa1\xd4\xab\x43\xd9\x66\
\xa0\xf6\xad\x88\x0b\x25\x00\x5f\xa3\x36\xab\x46\x02\x3d\xf0\xdf\
\x47\xc0\xef\xa3\xfe\xac\xe2\x0a\xa4\x00\x10\x95\xb1\x13\xb8\x13\
\x4d\x6f\x78\x67\x92\x33\x68\x1c\x59\x9f\x41\x57\x55\xfd\xc9\x82\
\xc7\xe3\x31\xfd\x18\xc0\x30\x0c\x16\xad\xb6\xe1\x4a\x71\xf7\xc1\
\x38\xfe\xb4\x0c\x9a\xd8\x78\xb0\x9d\x61\x40\x83\x48\x8c\xec\x4c\
\x70\x57\xfe\x34\x85\x11\xd6\x10\x47\xef\x51\x90\x74\x04\xf2\xb4\
\xed\xf0\xae\xe8\x73\x6c\x36\x55\xcf\x86\x52\x50\xfb\x7a\x66\xa2\
\x4e\xb4\xf4\xc6\xbf\xde\x07\xa2\x50\x43\x95\xcc\x4f\x20\xaa\x05\
\xe4\x11\x80\xa8\x0c\x17\xf0\x34\x17\x9e\x7d\xaf\xb6\x37\xde\xfb\
\xaa\x5a\x23\x3e\x43\x43\xea\x9a\xbe\x6f\x19\x3a\xa0\x27\xe1\x61\
\x5e\x79\x6c\x5f\x6d\x46\xff\xdb\x71\xfc\x61\x11\x84\xea\x7f\xa2\
\xa0\x5d\x50\x1d\xe8\xd4\x15\x8c\x2a\xbe\x7c\xd4\x0d\xc7\x71\xef\
\xbf\x30\x3a\x0e\xf4\x4e\x5e\xf2\x08\xa0\x2a\x8e\x03\x4f\xa0\x4e\
\x0b\xfc\x17\x8d\x8f\xf9\x2c\x94\x8d\x1a\xbc\x65\xee\x0e\xa1\x16\
\xf1\xa7\xca\x4f\x78\x57\x22\x6a\xda\x9a\x96\x46\x37\xce\x32\x17\
\x47\x62\xcf\xf0\xf3\xbb\x6f\xaa\xd2\xd7\x39\x1c\x06\xa5\xce\x32\
\x5c\x26\xce\xf2\x07\x04\x38\x38\x91\x90\xc2\x91\x58\x4b\xcf\xac\
\x9f\x67\x0c\xbd\x0f\xe3\xa5\x69\x10\x68\x8b\xa6\x6e\x95\x13\x54\
\x07\x1c\x06\x46\x7e\x15\x77\xf9\x07\x04\x62\x74\xbf\x51\xf5\x0b\
\xc8\x30\xfd\x18\xa6\xa2\x58\x60\x8b\xee\xa0\x7e\x2e\x0f\x58\x89\
\xda\x30\x58\x8c\x3a\x35\x60\xaf\xea\xb8\x72\x9c\xa8\x59\x10\xa6\
\x7b\x7d\xd7\x26\x52\x00\x88\xaa\xd8\x8a\x3a\x67\xac\xa5\xd9\xc8\
\x89\x84\x64\x3a\xb4\x69\xc6\x55\x3d\x3b\x54\xe9\xeb\x02\x02\x1c\
\x14\x9a\x6c\x0a\x14\x14\x14\xc8\x42\x1b\x3c\x06\x30\x06\xdc\x81\
\xf1\xe2\x17\x10\x50\xd9\x21\x83\x36\x12\x16\x86\x51\x90\x7f\xe9\
\x46\x41\x97\xe2\x70\x60\x74\x1d\x0a\xa9\xb1\x90\x7d\x46\x67\x46\
\x03\x50\x73\x1a\x2a\x77\x54\x41\xfc\x58\x31\xaa\xa9\xd0\x44\x6c\
\xd8\x54\xe8\x0a\x5c\xa8\xf9\x08\x4b\xac\x4e\xc4\xd7\xc8\x23\x00\
\x51\x15\xb9\x68\xde\x5d\xfb\x9b\xbf\x7f\x46\x6a\x46\x4e\x95\xbe\
\x26\x24\xb8\x0e\x75\x82\xcc\xbd\x61\x0e\x1b\xd0\x93\xc8\x08\x2d\
\x43\x0f\xab\xcd\xe8\x7d\x93\xba\xf3\xf7\xc5\x37\x7f\x00\x0c\x3c\
\xed\x3a\xab\xae\x81\x55\xe5\x08\xc0\x71\xe7\x9b\x18\x2d\xb4\x8e\
\x4d\x88\x00\xfe\xa0\x33\x60\x2d\x54\x00\xfc\x1b\xe8\x88\x1a\x7c\
\x15\x6b\x6d\x3a\x57\xe4\x04\xee\x07\x66\x59\x9d\x88\x2f\x92\x15\
\x00\x51\x55\x87\x80\x81\x40\x17\x1d\xc1\x8a\x4b\x9c\x24\x24\xa6\
\x71\xef\xd8\xa1\x55\xfb\x42\x03\x53\x9b\x01\x1d\x0e\x07\x49\xa9\
\x99\xec\x3f\x12\x5f\xed\x18\xa6\x34\xef\x88\xe3\xcd\xc5\x50\xd7\
\xda\x22\xc4\xb4\x80\x00\x08\x0c\xc4\xc8\xad\xc6\xc8\xe0\x80\x40\
\x8c\x2e\x43\xf0\x1c\xdf\x0a\x25\xd5\x1f\x19\x5b\xc1\x35\xa8\xd3\
\x00\x55\xab\x2a\x45\x45\xe5\xa8\xc1\x4a\x13\x51\xfd\x40\xba\xe0\
\x8d\x53\x2f\xe6\xa4\x03\x77\xa1\x7a\x71\x88\x6a\x90\x02\x40\x54\
\xc7\xf7\xc0\x93\x80\x96\x29\x34\x87\x8f\x9f\xe6\xaa\x9e\x1d\x2e\
\x3a\x4f\xfc\x52\xea\x04\x05\x52\x50\x58\x62\xaa\x35\x70\xe3\x86\
\x11\xcc\x5c\xb4\xa9\xda\x5f\x5f\x6d\x21\x61\x38\xfe\xb8\x14\x1a\
\x57\xfe\xcf\x6b\x6b\xf5\xea\x41\x5e\x2e\x46\x59\x35\x0a\xb2\xa0\
\xba\x18\x6d\xfb\xe1\x89\x5e\x59\xa5\x53\x05\x97\x11\x88\x1a\x8c\
\xb3\x40\x47\x30\x61\xdb\xa6\x42\xbb\x80\x51\xa8\x5d\xff\xa2\x9a\
\xe4\x11\x80\xa8\x8e\x93\xc0\x5f\x75\x06\x7c\xfe\x8f\x93\xc9\xc9\
\xab\xfc\x46\x64\xc3\x30\x4c\xef\xe4\xef\xd3\xad\x5d\x95\x8a\x0e\
\x5d\x8c\xa7\x3e\x86\xd6\x35\x37\x31\xd8\xfb\x0c\x8c\x36\x1d\xa8\
\xee\xf1\x0c\xa3\x49\x47\x1c\xc3\x9f\xd5\x99\xd0\x03\x40\x4b\x9d\
\x01\xc5\x4f\x9a\x0a\xdd\x80\xba\xeb\xb6\xa2\xa9\x50\x29\xaa\xe5\
\xf3\xf5\xa8\xde\x06\xc2\x04\x59\x01\x10\xd5\xb5\x13\xb5\xfc\xd6\
\x4c\x47\xb0\xfc\xc2\x62\x32\xb2\xf2\x18\x37\xaa\xf2\x03\x08\x83\
\x02\x03\xc9\x2f\x30\x37\x8f\xde\x59\x56\xc6\xa6\x1d\x87\x4c\xc5\
\xa8\x0a\x63\xe8\x7d\x18\x13\x5e\xbf\xf2\x27\xfa\x9a\xa0\x3a\x18\
\x4e\x27\x14\x57\xef\x34\x99\xd1\xa2\x1b\x64\x9c\x84\xcc\x53\x3a\
\xb2\x09\x40\xbd\x51\xac\xd3\x11\x4c\x5c\xe0\x14\xaa\xd1\xce\x42\
\x7e\x68\x2a\xe4\xed\x9b\x49\x0f\xaa\xf3\xe6\xbd\x67\xaf\xab\xed\
\x48\x72\x6d\x26\x2b\x00\xa2\xba\xca\xd0\xdc\x1b\xe0\xf3\xd9\x6b\
\x58\xbb\x75\x7f\xa5\x3f\x3f\x20\xc0\x61\xba\x3d\xf0\xf8\x31\x43\
\xaa\x3d\x9c\xa8\xca\x1a\xb5\xc2\x78\xfc\x3f\x35\x73\x2d\x0b\x78\
\x9a\xb7\xaa\x7a\x6f\x80\x1f\x71\x8c\x7e\x19\x42\xea\xeb\x4a\xe7\
\x29\x7c\xf3\x38\x9b\x2f\x89\x42\xad\xb6\xf4\x00\x3e\xc5\x3b\xe7\
\xef\xcb\x50\x1b\xfc\x06\xa1\xde\xfc\x63\xbc\x70\x8d\x5a\x4b\x56\
\x00\x84\x19\x67\x80\xa6\xa8\x4d\x81\x5a\x6c\xd9\x7d\x84\x27\x1f\
\xb8\x85\xa0\x4a\xee\xf2\x0f\x0c\x0c\xa0\xa0\xb0\xfa\x47\x02\xeb\
\x06\x07\x71\x26\x25\x93\x83\xe6\x5b\x03\x5f\x91\xf1\xcc\x24\x8c\
\x8e\x57\x79\xfd\x3a\x96\x09\x0c\xc4\x70\x96\x40\x71\x35\x57\x65\
\x82\x82\x31\x82\xc3\xf0\x9c\xd8\xae\x23\x9b\x7a\xa8\x25\xe2\xbd\
\x3a\x82\x89\xcb\xca\x42\x0d\x62\xfa\x14\x35\x29\x33\x02\x68\x4d\
\xf5\x5b\x76\x79\x50\xe7\xf9\x3f\x02\x1e\x07\xbe\x00\x92\xcc\xa7\
\x29\x2a\x92\x02\x40\x98\xb5\x19\x78\x08\xf5\x43\x6f\x5a\x76\x6e\
\x01\x25\xa5\x65\x8c\xbe\xe1\xea\x4a\x7d\x7e\x60\x40\x00\xc5\x25\
\xe6\xe6\x03\xb4\x6e\xde\x88\xaf\x17\x6c\xa8\xf6\xd7\x57\x86\xd1\
\xeb\x06\x8c\x87\xfe\xee\xd5\x6b\xd8\x42\x48\x28\x46\x46\xf5\x5b\
\xfd\x1a\xcd\xba\x40\xdc\x2e\x28\xa8\xfc\xe8\xe1\xcb\x68\x09\x4c\
\xd1\x11\x48\x54\x4a\x01\x6a\x1a\xe3\xe7\xa8\xd3\x03\xdb\x51\xad\
\x87\xf3\x51\xef\x35\xf5\xb9\xb0\x28\x28\x47\x15\x0d\xfb\x50\x73\
\x0a\x3e\x40\x1d\x35\xfe\x0f\xaa\xa9\x93\xb6\xe3\x21\xe2\x42\xfe\
\x3a\x0c\x42\xd4\xac\x5b\xd1\x78\x14\x27\x20\xc0\xc1\xd6\x79\xef\
\x56\x7a\x56\x40\x41\x61\x09\x19\xd9\xe6\xba\xc0\x3e\xf0\xab\xf7\
\xd8\x11\x75\xcc\x54\x8c\x4b\x72\x04\xe0\x78\x67\x2b\xb4\xed\xed\
\x9d\xf8\x36\x63\xc4\xc5\x40\x4e\x56\xb5\xbf\xde\x93\x74\x04\xf7\
\xf4\x17\x74\xa5\xd3\x05\xfb\x9f\x65\xaf\x4d\x22\x80\x30\xd4\xa3\
\xc3\x12\xd4\x71\xcd\xda\x30\xa1\xd0\x96\x64\x0f\x80\xd0\x61\x05\
\xf0\x95\xae\x60\xe5\xe5\x6e\x1e\xfb\xed\x07\x94\x3a\x2b\x37\x71\
\x2e\xb4\x5e\x30\x01\x0e\x73\xff\x94\x1f\x1d\x3f\xdc\xd4\xd7\x5f\
\x8e\x71\xdd\xdd\xb5\xe6\xcd\x1f\xc0\xd3\xc4\xdc\xbe\x50\xa3\x65\
\x0f\x8c\x0e\xfd\x35\x65\xc3\xfd\xba\x02\x09\x2d\x72\x51\x6d\xc5\
\x93\x51\xbd\xfb\xe5\xcd\xdf\x42\x52\x00\x08\x5d\x5e\x06\xb4\x8d\
\x79\x3b\x7a\xe2\x0c\x6f\x4f\x9c\x5b\xa9\xcf\x35\x0c\x83\xfa\xe1\
\xe6\xf6\x7b\x8d\xba\xe1\x6a\x5a\x34\x6d\x68\x2a\xc6\x45\x19\x06\
\xc6\x9d\x2f\xeb\x8f\x6b\x67\x61\x11\x10\x6c\x6e\x73\xa6\x31\xe4\
\x11\x4d\xc9\x48\x01\x20\xc4\xa5\x48\x01\x20\x74\xc9\x02\xb4\xad\
\xdb\x02\xfc\xf3\xe3\x39\x95\xde\x9c\x17\x1e\x56\x0f\x87\x51\xfd\
\x27\x5a\x81\x01\x0e\x1e\xba\xeb\xc6\x6a\x7f\xfd\xa5\x18\xd7\x8c\
\x81\xf6\xfd\xb4\xc7\xb5\x35\x03\x3c\x8d\x9a\x9a\x0b\xd1\xaa\x27\
\x46\x5b\x2d\xdf\xb7\x3e\xa8\x5d\xea\x42\x88\x0a\xa4\x00\x10\x3a\
\xcd\x01\xbe\xd3\x15\xcc\x59\xe6\xe2\xe1\x97\xff\x8b\xb3\xcc\x75\
\xc5\xcf\x75\x18\x06\x61\xa1\xe6\x56\x01\x1e\xba\xeb\x26\xea\xd5\
\x35\x77\xe7\x7a\x81\xd1\x4f\xe9\x8d\xe7\x2b\x22\x1b\x9b\x0e\x61\
\x5c\x73\xa7\x86\x44\x00\x18\xa3\x2b\x90\x10\xfe\x44\x0a\x00\xa1\
\xdb\xf3\xa8\x67\x7b\x5a\x44\x1d\x8e\xe3\xad\x8f\x66\x57\xea\x73\
\xeb\x87\x87\x98\xda\xd5\xda\xa0\x7e\x28\x77\xdf\x3a\xd8\x44\x84\
\x0a\x1a\xb5\xc2\xe8\x73\xb3\xbe\x78\xbe\x24\x38\x18\x4f\x48\x3d\
\x53\x21\x8c\xce\xd7\x43\x88\x96\xc3\x25\xfa\x97\x76\x84\xf0\x03\
\x52\x00\x08\xdd\x52\x80\x57\x74\x06\xfc\xe7\xc7\x73\xd8\xb9\xff\
\xca\xfd\x3f\x02\x03\x02\x08\x0d\xad\x6b\xea\x5a\x4f\x3c\x30\x0a\
\x87\x43\xcf\xe1\x18\xe3\xa6\x87\xc1\x51\x7b\x4f\xda\x1a\x11\x26\
\xf7\x54\x04\x04\x62\xf4\xd0\x52\x40\xdd\x88\x1c\x79\x16\xe2\x02\
\x52\x00\x08\x6f\xf8\x02\x58\xa3\x2b\x98\xcb\x55\xce\x2f\x5e\xf9\
\x1f\x25\xa5\x57\x6e\x34\x56\x3f\x2c\xd4\xd4\xb5\xda\xb7\x6e\xc6\
\xf0\xeb\x35\x3d\xb3\x0f\x6d\xa0\x27\x8e\xaf\x8a\x30\xff\xe7\x37\
\x7a\x8f\xd2\x90\x08\x11\x40\x5f\x1d\x81\x84\xf0\x27\x52\x00\x08\
\x6f\xf0\xa0\x5a\xb1\x56\xaf\x31\xfc\x45\x1c\x3e\x7e\x9a\x4c\x0e\
\x51\x87\x00\x00\x20\x00\x49\x44\x41\x54\x37\xdf\x9f\x71\xc5\xcf\
\xab\x13\x14\x40\xdd\x60\x73\xad\x7d\x9f\x7c\xe0\x16\x53\x5f\x7f\
\x8e\x67\x47\xed\x1e\x48\xe7\x09\x0d\x85\x40\x73\x37\xde\x46\x8b\
\xae\x50\x4f\x4b\x21\x25\x8f\x01\x84\xa8\x40\x0a\x00\xe1\x2d\x27\
\x81\x3f\xe8\x0c\xf8\xdf\xcf\x16\xb2\x65\xd7\xe1\x2b\x7e\x5e\x64\
\x7d\x73\xab\x00\x03\xaf\xea\x4a\x9f\xee\xed\x4d\xc5\x00\x20\x66\
\x27\x64\x27\x9b\x8f\xe3\xb3\x0c\xa8\x17\x66\x3a\x86\xd1\xfe\x1a\
\x1d\xc9\xf8\x71\x0f\x66\x21\xaa\x47\x0a\x00\xe1\x4d\x1f\xa2\xda\
\x79\x6a\xe1\x76\x7b\x78\xe4\x37\xff\x25\xbf\xb0\xf8\xb2\x9f\x17\
\x1c\x1c\x44\x90\xc9\x3b\xcf\x87\xef\xd6\xf0\xec\xd9\xe3\xc6\x73\
\x58\xdb\x1f\xdf\x37\xd5\x0b\x37\x1d\x42\x53\x01\xe0\x4f\xf3\x97\
\x85\xd0\x42\x0a\x00\xe1\x4d\x6e\xd4\xc4\xc0\x52\x5d\x01\x4f\x9e\
\x4e\xe5\xd5\x7f\x4d\xbb\xe2\xe7\x99\x9d\x12\x78\xc7\xc8\x01\x44\
\x84\x9b\xdb\xc5\x0e\x40\xec\x2e\xf3\x31\x7c\x98\x27\xd4\xdc\x6a\
\x0c\x80\xd1\xae\x72\x73\x21\xae\xa0\x07\xd2\xfa\x5c\x88\x9f\x90\
\x02\x40\x78\xdb\x61\xe0\x1f\x3a\x03\x4e\xfe\x7a\x05\xab\x36\xef\
\xbb\xec\xe7\x84\x98\x3c\xcf\x5f\x37\xb8\x0e\xf7\xdc\x7a\xbd\xa9\
\x18\x00\x9e\xd8\x3d\xa6\x63\xf8\xb4\x10\xf3\x05\x00\xf5\x9b\x41\
\xb0\xd9\x47\x09\xd4\x07\x5a\x99\x4f\x46\x08\xff\x21\x05\x80\xa8\
\x09\xef\xa0\x66\x87\x6b\xe1\xf1\x78\x78\xe2\xf7\x1f\x92\x93\x77\
\xe9\x3d\x86\xc1\xc1\x41\xa6\x6f\xf7\x7e\x76\xe7\x8d\x18\x26\xba\
\x0b\x02\x90\x7e\xca\x64\x16\x3e\x2e\xa8\x0e\x18\xe6\x5f\x66\x8c\
\x26\xed\xcd\xe7\x02\xdd\x74\x04\x11\xc2\x5f\x48\x01\x20\x6a\x42\
\x19\xf0\x18\x70\xe5\x73\x7c\x95\x74\x3a\x39\x83\x97\xfe\x3a\xf5\
\x92\xbf\x6f\x00\x81\x81\x81\xa6\xae\xd1\xb9\x7d\x0b\x7a\x77\x6d\
\x6b\x2a\x06\xb9\x69\x50\x7e\xe5\x4e\x86\x7e\xcb\x00\xea\x98\x3b\
\x95\x01\x40\x93\x0e\xe6\x63\x40\x0b\x1d\x41\x84\xf0\x17\x52\x00\
\x88\x9a\xb2\x1f\xf8\xbb\xce\x80\x5f\xcd\x5b\xc7\xc2\xd5\x3b\x2e\
\xf9\xfb\x81\x81\xe6\xff\x79\x5f\xdf\xdf\x64\x1b\x79\x77\x39\xe4\
\x67\x9a\xce\xc3\xa7\x05\x9b\x6b\xce\x04\x60\x34\x6c\xa3\x21\x11\
\xcc\xf7\x27\x16\xc2\x8f\x48\x01\x20\x6a\xd2\xdb\xc0\x6e\x9d\x01\
\x9f\x7e\xfd\x63\x32\xb2\xf2\x2e\xfa\x7b\x0e\x0d\x4b\xcf\x3d\x3a\
\x6b\x78\xe3\x71\x97\x9b\x8f\xe1\xcb\xea\x68\x98\xaf\xa0\xa7\x17\
\x40\x23\x1d\x41\x84\xf0\x17\x52\x00\x88\x9a\xe4\x02\x1e\x01\x4a\
\x74\x05\x4c\xcd\xc8\xe1\x89\x57\x3f\xbc\xf8\x6f\x6a\xd8\xf3\xdd\
\xc0\x64\x4f\x01\x01\x38\x34\xbc\xcc\x84\xd4\x37\x1f\x43\x56\x00\
\x84\xf8\x09\x29\x00\x44\x4d\x3b\x02\xfc\x45\x67\xc0\x85\xab\x77\
\xf0\xcd\xc2\x8d\x17\xfc\x7f\xb7\xdb\x6d\x3a\xb6\xcb\xa5\xe1\xee\
\x3d\x50\xc3\x33\x70\x5f\x16\xa0\xa1\x0d\x7f\x3d\x2d\x43\x81\x4c\
\x0e\x27\x10\xc2\xbf\x48\x01\x20\xac\xf0\x3e\xb0\x5d\x67\xc0\x17\
\xfe\x3c\x85\xa4\xd4\xac\x9f\xfc\x3f\xb7\xdb\x63\x3a\xee\x99\xe4\
\x0c\x73\x01\x82\x82\x21\xbc\x76\xaf\x3c\x7b\x34\xac\x00\x18\x75\
\xcd\x37\x14\x42\x5e\xef\x84\xf8\x09\xf9\x81\x10\x56\x28\x47\x9d\
\x0a\xb8\x7c\x4b\xbf\x2a\xc8\xca\xc9\xe7\xb1\x57\x3e\xc0\xe3\xf9\
\xe1\x4d\xbf\xac\xcc\xfc\xee\xfb\x3d\x07\x4f\x98\x0b\xd0\xb0\x25\
\x98\x3d\x4a\xe8\xeb\x74\x4c\x44\xf4\x98\x5f\xcd\x41\x35\xa6\x12\
\x42\x9c\x25\x05\x80\xb0\xca\x31\x34\xcf\x0a\x58\xbd\x39\x8a\xcf\
\x66\xad\x06\xd4\x9b\xbf\xdb\x63\x6e\x05\xc0\x59\xe6\x62\xc3\xf6\
\x68\x53\x31\x8c\x66\x1d\x4d\x7d\xbd\x5f\x30\xf9\xf7\x00\x40\xb9\
\x96\x8d\x94\x1a\x12\x11\xc2\x7f\x48\x01\x20\xac\xf4\x3f\x60\xb3\
\xce\x80\xbf\xf9\xfb\x67\x24\x24\xa6\x51\x5c\x89\xd1\xc1\x57\xf2\
\xf5\x82\x0d\xe4\x17\x98\x5c\xa4\xe8\x32\xc0\x74\x1e\x3e\x4f\xc3\
\x29\x08\x8f\x5b\x4b\x2f\x05\x29\x00\x84\xf8\x11\x29\x00\x84\x95\
\xdc\xc0\xa3\x40\xbe\xae\x80\xf9\x85\xc5\x3c\xf7\xe6\x64\x0a\x8b\
\xcc\x8d\x1f\xc8\xcc\xce\xe7\xc3\x69\x4b\xcc\x27\xd4\xf9\x5a\xf3\
\x31\x7c\x9c\xa1\x61\x33\x26\xe5\x65\xe6\x63\xa8\x53\x28\x42\x88\
\xb3\xa4\x00\x10\x56\x3b\x09\xbc\xac\x33\xe0\xb2\xf5\xbb\xf9\xf8\
\xab\xa5\xd5\xfe\x7a\x97\xab\x9c\xe7\xff\x38\x99\xec\xdc\x02\x73\
\x89\x04\xd5\xc5\xe8\x31\xcc\x5c\x0c\x7f\xa0\xa3\x0f\x42\x81\x96\
\x66\x4a\x26\x77\x74\x0a\xe1\x5f\xa4\x00\x10\x76\xf0\x19\xb0\x48\
\x67\xc0\x7f\x7e\x3c\x87\x2f\xe7\xae\xad\xf2\xd7\x15\x16\x95\xf0\
\xf4\x1b\x1f\xb3\x23\xea\x98\xe9\x1c\x8c\x7e\x23\x21\xc4\xf4\x10\
\x1b\xdf\xe7\xd2\x70\xe3\x9d\x97\x66\x3e\x06\x68\x09\x22\x84\xbf\
\x90\x02\x40\xd8\xc5\x93\x68\x7c\x81\xf6\x78\x3c\xfc\xe5\x83\x99\
\x3c\xff\xc7\xc9\x97\xec\x14\x58\xd1\x8e\xa8\x63\xdc\xf3\xf4\x3f\
\x59\xb7\xed\x80\x9e\x24\x06\xdf\xa3\x27\x8e\x8f\xf3\x94\x9a\xef\
\xfb\xe4\xc9\x4f\xd7\x90\x89\x14\x00\x42\xfc\x98\xb9\x69\x29\x42\
\xe8\x93\x06\x3c\x0d\xcc\xd7\x19\x74\xd9\xfa\xdd\xac\xdb\x76\x80\
\xf1\x63\xae\x67\xcc\x4d\xd7\x72\x6d\x9f\x4e\xd4\x0d\xfe\xa1\x31\
\x4f\x76\x6e\x01\x1b\xb7\x1f\x64\xe1\xea\x1d\xa6\x77\xfc\xff\x44\
\x64\x73\x8c\x41\x77\xea\x8b\xe7\xc3\x0c\xa7\x86\x19\x50\xb9\xa9\
\xe6\x63\x48\x01\x20\xc4\x4f\x48\x01\x20\xec\x64\x01\xf0\x05\xf0\
\x0b\x9d\x41\x4b\x4a\x9d\x7c\xbd\x60\x03\x5f\x2f\xd8\x40\x50\x50\
\x20\x91\xf5\x43\x09\x09\x09\x26\x27\xb7\x80\xdc\xfc\x22\x9d\x97\
\x3a\xcf\x18\xfd\xb4\x6a\x02\x54\xdb\x79\xdc\xe0\x32\x5f\x00\x78\
\x52\x63\x35\x24\x43\x92\x8e\x20\x42\xf8\x0b\x29\x00\x84\xdd\xfc\
\x1a\xb8\x19\x68\xef\x8d\xe0\x65\x65\x2e\xd2\x32\x73\xbd\x11\xfa\
\xa7\x42\x23\xbd\x7f\x0d\x1f\x60\x94\x96\x98\x3f\x7c\x57\x92\x0f\
\x59\x67\xcc\xa6\xe2\x46\xb5\xa1\x16\x42\x9c\x25\x7b\x00\x84\xdd\
\xe4\x01\x3f\x47\x75\x0b\xf4\x5d\x3b\x16\x58\x9d\x81\x2d\x78\x0a\
\x4d\x9e\xa4\x00\x3c\xc9\xc7\xd0\x70\x84\x3f\x0e\xf0\xce\x72\x8f\
\x10\x3e\x4a\x0a\x00\x61\x47\x5b\x81\xff\x5a\x9d\x84\x19\x9e\x98\
\x1d\x50\xa6\x6d\xe8\xa1\xcf\x32\x0a\x0b\xcd\x07\x49\x3a\x6c\x3e\
\x06\x1c\xd2\x11\x44\x08\x7f\x22\x05\x80\xb0\xab\x37\x01\x4d\xdb\
\xf1\x2d\xe0\x2c\xc6\x73\x7c\x97\xd5\x59\x58\xce\x53\x68\xbe\xc7\
\x93\xe7\xc4\x0e\x0d\x99\x70\x50\x47\x10\x21\xfc\x89\x14\x00\xc2\
\xae\x4a\x81\x07\xf0\xe5\x65\xdb\xa8\xd5\x56\x67\x60\x2d\x77\x39\
\x46\x89\xc9\x56\xca\xf9\x19\x78\x92\x63\x74\x64\xb3\x47\x47\x10\
\x21\xfc\x89\x14\x00\xc2\xce\x8e\x00\xcf\xe0\xa3\x3d\xdc\x3d\x5b\
\xe7\xe8\x9a\x62\xe7\x9b\xf2\x72\x4d\x0f\x02\xf2\xc4\x7e\x8f\x86\
\xbf\x7e\x37\xb0\xd1\x6c\x10\x21\xfc\x8d\x14\x00\xc2\xee\xa6\x03\
\x7f\xb1\x3a\x89\x6a\xc9\x38\x0d\x47\xb6\x59\x9d\x85\x65\x8c\x9c\
\x6c\xd3\x31\x3c\x47\x37\x98\x4f\x04\xf6\x03\x59\x3a\x02\x09\xe1\
\x4f\xa4\x00\x10\xbe\xe0\x6f\xc0\x07\x56\x27\x51\x1d\x9e\xcd\xdf\
\x5a\x9d\x82\x35\x3c\x1e\xc8\x33\x59\x00\x64\x24\xe0\x39\xa5\x65\
\x1b\xc8\x7a\x1d\x41\x84\xf0\x37\x52\x00\x08\x5f\xf1\x32\xf0\x96\
\xd5\x49\x54\x95\xe7\xfb\x79\x50\x58\x03\x7d\x07\x6c\xc6\x28\xc8\
\x37\x3d\x03\xc0\xbd\x6f\x11\x9a\x9e\xfe\x48\x01\x20\xc4\x45\x48\
\x01\x20\x7c\xc9\x9b\xa8\x2e\x81\xbe\x73\xbe\xae\x38\x1f\xcf\xca\
\x4f\xac\xce\xa2\xe6\x65\x9a\xec\xdd\xef\x2c\xc2\x73\x50\xcb\x26\
\xca\x02\x60\x9d\x8e\x40\x42\xf8\x1b\x29\x00\x84\xaf\x99\x06\x0c\
\x03\x8e\x5a\x9c\x47\xa5\x79\x56\x4c\x82\x52\xdf\x3d\xcc\x50\x65\
\xe5\xe5\x90\x63\xee\x91\xbb\x67\xf7\x7c\x70\x6a\xf9\x9e\x2d\xc2\
\x97\x4f\x92\x08\xe1\x45\x52\x00\x08\x5f\xb4\x1b\xb8\x06\x78\x17\
\xd0\x30\x69\xc6\xcb\x72\xd3\xf1\xac\xff\xca\xea\x2c\x6a\x4e\x66\
\x06\xb8\x4d\x34\x72\x2c\xc9\xc7\xbd\x73\xb6\xae\x6c\x66\xea\x0a\
\x24\x84\xbf\x91\x02\x40\xf8\xaa\x62\xe0\x55\xa0\x17\x30\x1b\x75\
\xd4\xcb\xb6\x3c\x73\xff\x05\x85\x39\x56\xa7\xe1\x7d\x1e\x20\x23\
\xc5\x54\x08\xf7\xf6\x99\x50\xaa\xa1\x83\xa0\xda\xf9\xbf\x4a\x47\
\x20\x21\xfc\x91\x14\x00\xc2\xd7\xc5\x02\xf7\x03\xdd\x81\x49\x80\
\xce\x77\xd9\x3c\x40\x4b\x17\x1a\xf2\x33\xf1\xcc\xfa\x9b\x96\x50\
\xb6\x96\x9b\x65\xae\xf9\x4f\x4e\x32\x9e\x3d\x0b\x75\x65\x33\x07\
\x5f\x58\x21\x12\xc2\x22\x52\x00\x08\x7f\x71\x1c\x78\x0e\x68\x01\
\x8c\x47\xed\x15\x38\x5d\x8d\x38\x89\xc0\x57\xc0\x7d\x40\xf3\xb3\
\xbf\x6a\xe1\x59\xfd\x19\x24\x44\xeb\x0a\x67\x4f\x29\x66\x26\xee\
\x7a\x70\xaf\xf8\x0f\xb8\x4a\x75\x64\xe2\x01\x3e\xd6\x11\x48\x08\
\x7f\x65\x58\x9d\x80\x10\x5e\xd6\x06\xe8\x0d\xf4\x00\x5a\x02\x4d\
\x80\x90\xb3\xbf\x57\x02\x64\xa0\xde\xf4\x8f\xa2\x06\xc6\xc4\x5f\
\x24\xc6\x06\xe0\x46\x2d\xd9\x74\xbc\x06\xc7\xdf\xd7\x40\x60\x1d\
\x2d\xe1\x6c\x25\x37\x1b\xe3\xc4\xb1\x6a\x7f\xb9\xe7\xff\xd9\xbb\
\xef\xf8\xa8\xaa\xb4\x81\xe3\xbf\x3b\x93\xde\x08\x25\x09\xbd\xf7\
\x22\x20\x48\x91\x8e\x14\x0b\x28\xa0\x20\x4d\x40\x57\x51\x51\xc1\
\xb6\x96\x5d\x5d\xcb\xfa\xea\xba\xb8\xae\x62\xc5\x75\x55\xc4\x2e\
\xae\x02\x22\x20\x88\x54\xe9\x02\x0a\x84\x96\x10\x20\xa4\x10\x02\
\x09\xe9\x65\xe6\xbe\x7f\x1c\x22\x9d\x24\x73\xcf\xcc\xbd\x73\x73\
\xbe\x9f\xcf\x7c\xde\x77\x25\x73\xee\x43\x48\xe6\x3e\xf7\x94\xe7\
\xd9\xf1\x83\x48\x00\xe4\x58\x0e\x0c\x96\x35\x98\xa2\xd8\x91\x4a\
\x00\x14\xa5\x7c\x23\x81\xff\xc9\x1a\x4c\xbb\xf1\x41\xb4\x09\x2f\
\xc8\x1a\xce\x1a\x74\x1d\xf6\xfc\x8e\x56\xe0\xe1\x86\xfb\x53\x19\
\xb8\x3e\xb8\x53\xd6\xda\x3f\xc0\x0d\xc0\x0f\xb2\x06\x53\x14\x3b\
\x52\x4b\x00\x8a\x52\xbe\xef\x90\xd8\x99\x50\x5f\x38\x0b\xfd\x37\
\x9b\x1d\x4d\xcf\x48\xf7\xfc\xe6\xef\x2a\xc1\xfd\xdd\xb3\x32\x6f\
\xfe\xfb\x80\x25\xb2\x06\x53\x14\xbb\x52\x09\x80\xa2\x94\x4f\x47\
\x66\x15\x42\xdd\x8d\xfe\xd6\x5d\x90\x71\x58\xda\x90\xa6\x2a\x2d\
\x41\x4b\xf3\x64\xbb\x85\xe0\x5e\xf6\x06\x7a\xaa\xe7\x4b\x07\x17\
\xf1\x22\x16\x3f\x15\xa2\x28\x56\xa0\x12\x00\x45\xa9\x98\x79\x48\
\x9c\x05\x20\x2b\x1d\xf7\x3f\x46\xd9\xa2\x4c\xb0\x96\x7c\x18\x4a\
\x3d\x3b\xf7\xaf\x6f\x5f\x84\xbe\x43\xea\x4c\xfd\x0e\x44\x03\x29\
\x45\x51\xca\xa1\x12\x00\x45\xa9\x18\x37\xa2\x1f\x81\x3c\xc9\x7b\
\x70\xcf\x1c\x03\x25\x52\x76\xbd\x9b\x23\xeb\x04\x9c\xf0\xac\xec\
\xaf\xbe\x6f\x2d\xee\x65\xb3\x24\x07\xc4\x63\xa8\xa7\x7f\x45\xa9\
\x10\xa7\xd9\x01\x28\x8a\x1f\x39\x08\x74\x03\x5a\x48\x1b\xf1\xf8\
\x11\x48\xde\x83\xd6\x6d\x38\x38\xfc\xec\xd7\xb1\xa4\x18\x2d\x61\
\x0f\xb8\x2b\x7f\xbf\xd5\x13\x36\xe2\x9e\xff\xbc\xb1\x8a\x81\x17\
\x5a\x86\xbf\xb6\x8e\x56\x14\x13\xf8\xd9\x27\x8e\xa2\x98\x6e\x0b\
\x70\x17\x10\x20\x6d\xc4\xa3\x7b\xe1\xe0\x76\xb4\x6e\x37\x82\x33\
\x50\xda\xb0\x5e\xa5\x83\x76\x70\x3f\x78\xb0\xf1\x4f\x3f\xb8\x05\
\xf7\xb7\xcf\x81\xab\x44\x66\x44\xa5\xc0\x68\x20\x5d\xe6\xa0\x8a\
\x62\x67\x2a\x01\x50\x94\xca\xc9\x44\x1c\x9f\x1d\x28\x75\xd4\xb4\
\x04\xd8\xb7\x11\xad\xfb\x08\xbf\xa8\x11\xa0\xa5\x25\x43\xe6\xb1\
\x4a\xbf\x4f\xff\x7d\x09\xee\x05\x2f\xca\xbe\xf9\x03\xbc\x0c\x7c\
\x26\x7b\x50\x45\xb1\x33\x55\x07\x40\x51\x2a\x2f\x08\xd8\x8a\x28\
\x30\x24\x57\x83\xb6\x38\x1e\xfd\x02\x6a\x37\x95\x3e\xb4\x34\x27\
\x8e\xa3\x1d\x3a\x20\xce\x46\x54\x82\xbe\xee\x63\xdc\x6b\xe7\x52\
\xe9\x37\x96\x6f\x37\xa2\x39\x94\x1f\x6f\xa6\x50\x14\xdf\x53\x09\
\x80\xa2\x78\xa6\x3d\xb0\x19\x08\x91\x3e\x72\x68\x24\xda\x7d\xef\
\xa1\x5d\x35\x5c\xfa\xd0\x46\x69\xf9\xb9\xb0\x2f\xbe\x72\x6b\xf7\
\x45\x79\xb8\x97\xfe\x1b\x3d\x7e\xa5\x37\x42\x72\x03\x7d\x81\x75\
\xde\x18\x5c\x51\xec\x4c\x2d\x01\x28\x8a\x67\x8e\x21\x9e\x38\x87\
\x48\x1f\xb9\xb4\x18\xd6\x7f\x0b\x25\x85\x68\xad\x7b\x82\x53\xde\
\x76\x03\x23\xb4\x82\x02\x38\xb0\x07\x5c\xa5\x15\x7e\x8f\x9e\xbc\
\x13\xf7\x97\x8f\xc1\xd1\x5d\xde\x0a\xeb\x15\xe0\x03\x6f\x0d\xae\
\x28\x76\xa6\x66\x00\x14\xc5\x73\x0e\x60\x11\x70\xad\xd7\xae\x50\
\xaf\x15\x8e\x7b\xde\x86\x96\xdd\xbd\x76\x89\x0a\x29\x2c\x40\xdb\
\xb7\x1b\x4a\x2b\xb8\x76\x5f\x52\x88\xfb\x97\x4f\xd0\x37\x7e\x05\
\xba\xd7\x4e\xe5\xad\x45\xec\xc5\x90\xbe\xa1\x40\x51\xaa\x02\x95\
\x00\x28\x8a\x31\x35\x10\x4b\x01\xde\x5b\xb4\x77\x38\xd1\x86\xdc\
\x85\x76\xcb\x93\x10\x59\xd3\x6b\x97\xb9\xa4\xc2\x42\xb4\xfd\xbb\
\xa1\xa4\x62\x9d\x75\xf5\xbd\xab\x71\xaf\x78\x07\x4e\x79\x56\x1f\
\xa0\x82\x52\x80\x2e\x40\x9a\x37\x2f\xa2\x28\x76\xa6\x12\x00\x45\
\x31\xae\x23\x62\x0d\x3a\xdc\xab\x57\x09\x8d\x44\x1b\x36\x1d\x6d\
\xd8\x74\x08\xf1\xee\xa5\xca\x68\xf9\xb9\x90\xb0\x17\x4a\xca\x7f\
\xc8\xd6\x8f\xfc\x86\xbe\x6e\x2e\xfa\xa1\x6d\xde\x0e\xab\x18\xe8\
\x0f\xac\xf7\xf6\x85\x14\xc5\xce\x54\x02\xa0\x28\x72\x0c\x07\xbe\
\xc5\x17\xfb\x6a\xaa\xc5\xa0\x0d\x99\x8a\x36\xe8\x0e\x88\x8e\xf3\
\xde\x75\xb2\x4e\xa0\x25\x25\x94\xb3\xe1\x4f\x47\x4f\xd8\x84\xbe\
\xe1\x33\xf4\x64\xaf\xad\xf3\x9f\xef\x1e\x60\xb6\xaf\x2e\xa6\x28\
\x76\xa5\x12\x00\x45\x91\xe7\x1e\xe0\x1d\x9f\x5d\x2d\x20\x08\xad\
\xfb\x4d\x68\x83\xef\x84\xd6\x3d\x41\x93\x58\xd9\xfb\x58\xaa\xa8\
\xf1\x7f\xa9\x23\x7b\xa7\x8e\xa1\xef\x5a\x86\x7b\xe7\x32\x38\x91\
\x2c\xef\xba\xe5\x7b\x0e\x55\xed\x4f\x51\xa4\x50\x09\x80\xa2\xc8\
\xf5\x34\xf0\xbc\xcf\xaf\x1a\x1d\x87\xd6\x75\x18\x74\x1b\x8e\xd6\
\xae\xaf\xe7\xc5\x84\xdc\x2e\xb4\x43\x89\x70\x32\xf3\x82\x3f\xd2\
\x33\x92\xe0\xd0\x56\xf4\xfd\xeb\xd1\x8f\xec\x00\x5d\xfa\x79\xfe\
\xf2\xbc\x0e\x3c\xe8\xeb\x8b\x2a\x8a\x5d\xa9\x04\x40\x51\xe4\x7b\
\x1e\x91\x08\x98\x23\x30\x04\x9a\x74\x44\x6b\x71\x15\xb4\xe8\x86\
\xd6\xa0\x2d\xc4\x36\x82\xa0\xd0\xcb\xbe\x4d\xcb\xcb\x81\xa4\x03\
\x50\x54\x24\x9e\xf0\x33\x0f\x43\xc6\x41\xf4\xf4\x03\x62\x5d\x3f\
\xef\x84\x8f\xfe\x02\x17\xf5\x11\x70\x07\x5e\xa8\x22\xa4\x28\x55\
\x95\x4a\x00\x14\xe5\xd2\x42\x80\x26\x88\x1d\xfe\xb5\x10\x9b\xfc\
\x22\x81\x6a\x94\xdf\x49\x73\x12\x50\xc7\xab\xd1\x55\x56\xb5\x18\
\xa8\xd5\x10\x2d\x2c\x0a\xc2\xab\x01\x1a\x04\x06\x8b\x73\xfd\x27\
\xd2\xe1\xd4\x71\xf4\xc2\x1c\xc8\x3d\x01\xc5\x95\xaf\xf1\xef\x45\
\xf9\x88\x76\xcc\x35\x81\xfa\x40\x1c\x10\x7c\xde\xd7\x14\x02\xc9\
\x88\xd3\x01\x87\x4f\xbf\x36\x23\x2a\x36\xe6\xfa\x2c\x52\x45\xf1\
\x23\x2a\x01\x50\x14\x21\x00\xe8\x0a\xf4\x43\x54\x96\xeb\x04\xd4\
\x35\x35\x22\x45\x06\x17\xb0\x0b\xf8\x05\x58\x00\xfc\x84\x38\x45\
\xa0\x28\x8a\xa2\x54\x71\x3d\x11\xd3\xcb\x39\x88\xe9\x65\xf5\xb2\
\xf7\xeb\x24\x30\x17\xb8\x11\x55\x09\x55\x51\x14\xa5\xca\x09\x01\
\xee\x05\x7e\xc3\xfc\x1b\x92\x7a\x99\xf7\x4a\x00\x66\x20\x96\x75\
\x14\x45\x51\x14\x1b\xd3\x80\xdb\x11\xeb\xc3\x66\xdf\x7c\xd4\xcb\
\x3a\xaf\x2c\xe0\x45\x20\x0a\x45\x51\x14\xc5\x76\xda\x02\x6b\x30\
\xff\x66\xa3\x5e\xd6\x7d\xa5\x01\x77\xa1\x96\x06\x14\x45\x51\x6c\
\x41\x03\x1e\x00\x0a\x30\xff\x06\xa3\x5e\xfe\xf1\xda\x0e\x74\x43\
\x51\x14\x45\xf1\x5b\x91\xc0\x77\x98\x7f\x43\x51\x2f\xff\x7b\x15\
\x03\x4f\x52\xfe\x71\x4f\x45\x51\x14\xc5\x62\xea\x03\xbf\x62\xfe\
\x8d\x44\xbd\xfc\xfb\xf5\x0b\xa2\x16\x84\xa2\xd8\x8e\xaa\x03\x60\
\x9e\x46\xc0\x20\xa0\x0f\xd0\x19\x51\x68\xa6\x06\x62\x87\xba\xa2\
\x28\x8a\x1d\x15\x01\x99\x40\x06\xb0\x03\xb1\x2f\x67\x39\x90\x64\
\x62\x4c\x55\x96\x4a\x00\x7c\x4b\x43\x74\x8d\xbb\x17\x18\x82\x9a\
\x5e\x54\x14\x45\x71\x23\x92\x80\x77\x80\xf9\x88\x99\x17\xc5\x07\
\x54\x02\xe0\x3b\xad\x80\x37\x80\xc1\x66\x07\xa2\x28\x8a\x62\x51\
\x9b\x81\xfb\x81\x4d\x66\x07\x52\x15\xa8\xe3\x2e\xbe\xf1\x20\x62\
\x33\x5a\x0b\xb3\x03\x51\x14\x45\xb1\xb0\x7a\x88\xa6\x4f\xf9\x88\
\xfd\x17\x8a\x17\xa9\x19\x00\xef\x0a\x00\xde\x43\x14\x9f\x51\x14\
\x45\x51\x2a\x6e\x2e\xf0\x27\xa0\xc4\xec\x40\xec\x4a\xcd\x00\x78\
\x8f\x06\xfc\x07\x91\xcd\x2a\x8a\xa2\x28\x95\xd3\x11\x68\xc6\x99\
\xa3\xbc\x8a\x64\x2a\x01\xf0\x9e\x67\x81\x87\xcc\x0e\x42\x51\x14\
\xc5\x8f\x75\x00\x02\x81\x15\x66\x07\x62\x47\x6a\x09\xc0\x3b\xba\
\x03\xeb\x50\x09\x96\xa2\x28\x8a\x51\x6e\xa0\x3f\xe2\xc8\xa0\x22\
\x91\x4a\x00\xe4\x0b\x42\x14\xa0\x69\x67\x76\x20\x8a\x24\x71\x4d\
\xd0\xea\xb5\x82\x1a\x75\x21\x34\x12\x1c\x2a\xaf\x33\x4d\x41\x3e\
\x9c\xca\xba\xf8\x9f\xb9\xdd\x50\x9c\x07\x39\xc7\xd1\x33\x0f\x43\
\x56\xaa\x6f\x63\x53\xbc\x69\x2f\xd0\x09\x28\x34\x3b\x10\x3b\x09\
\x30\x3b\x00\x1b\x9a\x88\xba\xf9\xfb\x37\x4d\x83\x36\xbd\xd1\xfa\
\x8d\x47\xeb\x38\x18\xaa\xd7\x36\x3b\x22\xe5\x2c\x5a\xea\x11\x48\
\x3d\x5a\xfe\x17\xe6\x66\xa2\x27\x6e\x42\xdf\xb9\x0c\xfd\xc8\x6f\
\xde\x0f\x4c\xf1\xa6\x56\xc0\x64\x60\xb6\xd9\x81\xd8\x89\x9a\x01\
\x90\x4b\x43\x54\xb7\xea\x60\x76\x20\x8a\x67\xb4\xae\x37\xa0\x8d\
\xfe\x2b\x34\xbe\xc2\xec\x50\x94\x4b\xd1\x75\xd8\x1f\x8f\x96\x7b\
\xaa\xe2\x6f\x49\xdf\x8f\xbe\xe6\x23\xf4\x84\x8d\x5e\x0c\x4c\xf1\
\xb2\xbd\x88\xae\x9e\x6e\xb3\x03\xb1\x0b\x95\x00\xc8\xd5\x1f\xf8\
\xd9\xec\x20\x14\x0f\x54\x8b\x45\xbb\xe7\x2d\xb4\x2b\xaf\x33\x3b\
\x12\xa5\x22\x4a\x8a\xd1\x76\xed\x00\xb7\xab\x52\x6f\xd3\x0f\xfc\
\x82\x7b\xf1\xab\x90\x7f\x89\x65\x04\xc5\xea\xae\x03\x96\x98\x1d\
\x84\x5d\xa8\xc5\x4c\xb9\x9e\x46\xd4\xf5\x57\xfc\x49\xf3\xab\x70\
\x3c\xbb\x04\xad\x49\x27\xb3\x23\x51\x2a\xca\xe9\x04\x87\x13\xed\
\x52\xfb\x01\x2e\x41\xab\xd1\x00\x47\xbb\x6b\x20\xf9\x77\xc8\xcd\
\xf4\x52\x70\x8a\x17\x69\xc0\xff\xcc\x0e\xc2\x2e\xd4\x0c\x80\x3c\
\x21\x40\x1a\x50\xcd\xec\x40\x94\x8a\xd3\xda\xf7\x43\x7b\xec\x2b\
\x08\x0e\x37\x3b\x14\xa5\xb2\x74\x1d\x2d\xfe\x37\x28\x2c\xa8\xfc\
\x7b\x8b\x0b\x70\x7f\xf3\x34\xfa\xe1\xed\xf2\xe3\x52\xbc\x29\x0f\
\x88\x3b\xfd\x7f\x15\x83\x54\x33\x1a\x79\x86\xa1\x6e\xfe\xfe\xa5\
\x69\x67\xb4\x47\xbf\x54\x37\x7f\x7f\xa5\x69\xe8\x71\xf5\x3c\x7b\
\x6f\x50\x28\x8e\x9b\x9f\x47\x8b\x6b\x2e\x37\x26\xc5\xdb\xc2\x81\
\x11\x66\x07\x61\x17\x2a\x01\x90\x67\x82\xd9\x01\x28\x95\x10\x5e\
\x0d\xc7\x43\x73\x21\x34\xc2\xec\x48\x14\x23\x6a\xd4\x84\xa0\x60\
\xcf\xde\x1b\x14\x86\x63\xd4\xf3\x10\x12\x29\x37\x26\xc5\xdb\xd4\
\x67\xad\x24\x2a\x01\x90\xa3\x06\x70\xbd\xd9\x41\x28\x15\xa7\x4d\
\xfe\x27\xc4\x36\x36\x3b\x0c\xc5\x28\x4d\x43\xaf\x19\xe3\xf9\xfb\
\xa3\x62\x71\x0c\xbc\x5b\x5e\x3c\x8a\x2f\x0c\x06\x62\xcd\x0e\xc2\
\x0e\x54\x1d\x00\x39\x6e\x41\x14\x00\x32\xa4\x67\x67\x58\xf4\xbe\
\x84\x68\x6c\x6a\xed\x56\xb8\x71\xaa\x84\x81\x5a\x74\x43\xeb\x3b\
\x5e\xc2\x40\x8a\x25\xd4\x8c\x81\xb4\x64\x8f\xab\xc5\x6b\x1d\x86\
\xa2\x6d\xfb\x1e\x3d\x75\x8f\xe1\x50\x06\x3d\x11\x4d\x6c\xcb\x40\
\xc3\xe3\xf8\xbb\x9c\x63\x2e\xf6\xfc\x58\x40\xe2\xda\x42\x5c\xc5\
\xd2\xcb\xf8\x07\x00\xb7\x22\xda\xab\x2b\x06\xa8\x04\x40\x0e\x29\
\x53\x52\x13\x47\x40\x75\xb5\x8b\xe0\x92\xb6\xed\x92\x33\x8e\x76\
\xf3\xe3\xa2\xd8\x8f\x62\x0f\x41\xc1\xe8\x21\x61\x68\x05\xf9\x1e\
\x0e\xa0\xa1\xf5\x9a\x88\x3e\xef\x29\xc3\xa1\x64\x1f\x75\x51\xbf\
\xb3\x87\x4b\x12\xfe\x4e\x87\xd4\x5d\xc5\xc4\x2f\xce\xe7\xc8\xd6\
\x22\x74\xef\xb6\xef\x99\x80\x4a\x00\x0c\x53\x09\x80\x71\x8d\x80\
\x3e\x46\x07\x09\x0c\x80\xd1\xea\x08\xfa\x65\xfd\xf2\xab\x84\x41\
\xe2\x9a\xa0\x75\x1a\x22\x61\x20\xc5\x4a\xb4\xc8\x28\x51\x26\xd8\
\xd3\xf7\x37\xeb\x0e\xd5\x6a\x43\x76\x9a\xa1\x38\x32\x0e\x54\xbd\
\xce\xb5\xa5\x45\x3a\x09\xab\x0b\x89\x5f\x92\x4f\x56\x72\xa9\xaf\
\x2e\xdb\x1d\x68\x01\xec\xf7\xd5\x05\xed\x48\x25\x00\xc6\x8d\x43\
\xc2\x71\xca\x21\x7d\x20\xa6\x86\x84\x68\x6c\x6c\x87\xf1\x19\x5a\
\xb4\x5e\x63\xd4\xd3\xbf\x0d\xe9\x11\x51\x68\xc7\x8c\xdc\xbc\x35\
\xb4\x36\x03\xd0\x37\x7c\x6e\x28\x8e\xe3\x55\x28\x01\xc8\x49\x77\
\xb1\xe7\xc7\x7c\xf6\xff\x5c\x40\x71\x9e\x29\xdd\x7a\xc7\x03\xcf\
\x99\x71\x61\xbb\x50\x09\x80\x71\x13\x65\x0c\x32\x7e\xb8\x8c\x51\
\xec\xeb\x54\x2e\xa4\x65\x18\x1f\x47\xbb\x62\xa0\xf1\x41\x14\xeb\
\x09\x09\x35\x3c\x84\xd6\xa4\x8b\xe1\x04\x20\x37\xc3\x85\xab\x58\
\xc7\x19\x64\xd3\x24\x53\x87\x94\xdf\x8b\x89\x5f\x92\x4f\xf2\xaf\
\x5e\x9f\xe6\x2f\xcf\x04\x54\x02\x60\x88\x4a\x00\x8c\xe9\x88\x84\
\xc6\x3f\x11\x61\x70\xd3\x60\x09\xd1\xd8\x58\xea\x31\x09\x83\x68\
\x0e\x68\x76\xa5\x84\x81\x14\xcb\x09\x0e\x16\x33\x3b\x06\xee\x48\
\x5a\x9d\x36\x86\xc7\x00\x28\xcc\x71\x13\x5e\xd3\x5e\x45\x56\x4b\
\x0a\x75\x12\x56\x17\x10\xbf\xa4\x80\xec\xa3\x3e\x9b\xe6\x2f\x4f\
\x0b\xa0\x1b\xb0\xc9\xec\x40\xfc\x95\x4a\x00\x8c\x91\xf2\xf4\x7f\
\xd3\x60\x08\x37\xfe\x00\x63\x6b\xc7\x64\x54\x6d\xad\xd5\x00\x82\
\xd4\x37\xda\x96\x34\x07\x38\x03\xa0\xd4\xc0\x14\x7c\x60\x30\x44\
\xc6\xc0\x29\x63\xd9\x66\x51\xae\x4e\x78\x4d\x43\x43\x58\xc6\xa9\
\x34\x17\x7b\x96\xe6\x73\x60\x65\x01\xc5\xf9\xe6\x3e\xee\x5f\xc2\
\x04\x54\x02\xe0\x31\x95\x00\x78\xce\x01\x8c\x95\x31\xd0\x84\x1b\
\x65\x8c\x62\x6f\xf9\x32\xba\x80\x57\x33\x70\x5e\x5c\xb1\x3e\xa7\
\x03\x0c\x3e\x9c\x6a\x61\xd1\xe8\x46\x13\x80\x1c\xff\x6f\x56\x97\
\xbe\xa7\x84\xf8\xc5\xf9\x1c\xda\x54\x88\x6e\xed\xbf\xce\x58\xe0\
\x11\x0c\xff\xcb\x57\x4d\x2a\x01\xf0\x5c\x7f\xa0\xbe\x8c\x81\x1e\
\x7b\x19\x92\xd3\x60\xe2\x4d\x10\x1a\x22\x63\x44\xfb\x29\x90\x90\
\x00\x68\x21\xaa\xe4\xaf\x9d\xe9\xce\x00\x34\x8a\x8c\x0d\x12\x14\
\x66\x38\x0e\x93\x36\xc4\x19\x56\x52\xa0\x73\x60\x55\x01\x7b\x96\
\x16\x90\x9d\xe2\x37\xf7\xd3\x58\x60\x10\xaa\x43\xa0\x47\x54\x25\
\x40\xcf\x49\x2b\x47\xb9\x73\x1f\x4c\xfd\x2b\x34\xe8\x0d\x4f\xcc\
\x84\xc3\x29\xb2\x46\xb6\x8f\x42\x83\x9f\xeb\x80\x98\x26\x56\x94\
\xcb\x71\x18\xff\x19\x71\xbb\xfc\x2b\x01\x38\x95\xea\x62\xe3\x47\
\x39\x7c\x75\x6f\x06\x1b\x3f\xcc\xf1\xa7\x9b\x7f\x19\x55\x1a\xd8\
\x43\x6a\x06\xc0\x33\x21\xc0\x28\xd9\x83\x66\x66\xc1\xcb\xb3\x61\
\xe6\x7f\xe0\xfa\xfe\x30\x63\x32\x0c\xea\x25\xfb\x2a\xfe\xc9\xe4\
\xdd\xc6\x8a\x52\x61\x7e\x71\xca\x54\x87\x94\x9d\xc5\xec\x5b\x5e\
\xe0\x0f\xd3\xfc\xe5\x19\x09\x44\x00\xb9\x66\x07\xe2\x6f\x54\x02\
\xe0\x99\x61\x40\xb4\xb7\x06\x77\xbb\xe1\xfb\x15\xe2\xd5\xa9\x0d\
\xdc\x3b\x01\x6e\x1b\xa1\x96\x07\x14\x45\x31\xa6\xa4\x40\xe7\xe0\
\xba\x42\x76\x2f\xf6\x69\xd1\x1e\x6f\x0b\x07\x6e\x04\x3e\x33\x3b\
\x10\x7f\xa3\xe6\x44\x3d\xe3\xb3\x29\xa7\xed\xf1\x70\xf7\x53\xd0\
\xa8\xaf\x58\x1e\x38\x92\xea\xab\x2b\x2b\x8a\x62\x17\xa7\xd2\x5c\
\x6c\xfd\x2c\x97\xaf\xef\xcb\xe0\x97\xff\x9c\xb2\xd3\xcd\xbf\x8c\
\x5a\x06\xf0\x80\x9a\x01\xa8\xbc\xea\x80\xcf\x8b\xf6\x66\x9c\x10\
\xcb\x03\xaf\xfe\x17\x46\x0c\x86\xa9\x63\xd5\xf2\x80\xa2\x28\x97\
\xa6\xeb\x90\xba\xb3\x98\xf8\x1f\xf2\x39\xb2\xad\xc8\xe3\x66\x49\
\x7e\x62\x08\x10\x07\xa4\x9b\x1d\x88\x3f\x51\x09\x40\xe5\x8d\x06\
\x4c\xeb\xf6\x51\x52\x0a\x5f\x2f\x16\xaf\x6e\x1d\xc5\x3e\x81\x5b\
\xae\x83\x20\x9b\x37\x20\xf3\x8b\x75\x55\x45\xb1\x80\xe2\x7c\x9d\
\x03\x2b\x0b\xd8\xb3\x34\x9f\x53\x69\x2e\xb3\xc3\xb9\xac\x98\x68\
\x8d\x5a\xd5\x20\xfe\x90\xe1\xec\x24\x00\xf1\xd9\xfc\xa6\xf1\xa8\
\xaa\x0e\xb5\x04\x50\x79\x52\x8a\xff\xc8\xb0\x69\x07\x4c\x78\x18\
\x1a\xf6\x11\xcb\x03\x47\x6d\x9c\xfb\xaa\x4d\x80\x8a\x72\x79\xa7\
\x52\xc5\x34\xff\xbc\xfb\x33\xd8\x34\x27\xc7\xd2\x37\xff\x4e\xcd\
\x1d\xbc\xfb\x68\x20\x07\xbf\x0c\xe6\xa5\xbb\xa5\x3d\xbd\xa8\x65\
\x80\x4a\x52\x33\x00\x95\xd3\x10\xb0\xdc\xc4\x7b\xfa\x71\xb1\x3c\
\xf0\xef\x0f\xe0\xa6\x41\xf0\xd0\x1d\xd0\xb3\xb3\xd9\x51\x29\x8a\
\xe2\x6d\xfe\x34\xcd\xef\x70\xc0\xf5\x3d\x1c\x4c\xbf\x25\x80\x41\
\x5d\xce\x3c\x7b\x5e\xd7\xdd\x41\xcd\x28\x8d\xcc\x53\x86\x83\xef\
\x01\xb4\x04\xf6\x19\x1d\xa8\xaa\x50\x09\x40\xe5\x8c\xc7\xc2\xb3\
\x26\xc5\x25\x67\x96\x07\x7a\x77\x85\xe9\x93\x61\xe4\x10\x08\xb0\
\x41\x59\x72\x4b\x2f\x01\x14\x17\xa0\x6f\xfe\x1e\xb6\xfe\x80\x7e\
\xec\x10\xe4\x67\x41\x54\x0c\x5a\xb3\x2b\xd1\xba\xdd\x04\xad\x7a\
\x98\x1d\xa1\x7f\xda\xb3\x1e\x7d\xd3\x7c\xf4\xc4\x6d\x70\x2a\x03\
\xc2\xab\xa3\xc5\x36\x82\x2b\xaf\x43\xbb\x6a\x58\x95\x2e\xeb\x5c\
\x9c\xa7\xb3\xff\xe7\x02\xf6\xfc\x98\x4f\x4e\xba\x75\x9f\xf4\x01\
\x6a\x46\x69\xdc\x39\xcc\xc9\xbd\x23\x9c\x34\x8c\xbb\xf0\x17\x39\
\x30\x00\x46\x0f\x70\xf0\xee\x7c\x29\x7f\x8f\x71\xa8\x06\x41\x15\
\xa6\x12\x80\xca\xb1\xcc\xf4\x7f\x79\xd6\x6e\x11\xaf\x06\x75\x60\
\xda\x04\xb8\x6b\x2c\xd4\xf4\xda\xc1\xc5\xaa\x4b\xff\xe5\x1b\xf4\
\x4f\xfe\x02\x99\x47\xcf\xfd\x83\xa3\xfb\xd0\xe3\xd7\xa1\x7f\xff\
\x06\x5a\xfb\x7e\x68\x77\xbe\x0e\x75\x9a\x9b\x13\xa4\xbf\x49\xd9\
\x8f\xfe\xfe\x0c\xf4\x5d\xab\x2f\xf8\x23\x7d\xdf\x46\x58\xfb\x15\
\x7a\xcd\xfa\x68\xb7\xbd\x88\xd6\x53\x7a\x39\x0e\x4b\xcb\x3a\x52\
\x4a\xfc\xd2\x7c\x12\x56\x17\x52\x5a\x64\xe1\xc7\x7d\xa0\x43\x53\
\x8d\xfb\x6f\x0e\x60\xe2\x60\x27\xa1\xe5\xec\x9a\x1a\x3f\xd8\x29\
\x2b\x01\x50\x2d\x82\x2b\x41\x25\x00\x15\x27\xa5\xf3\x9f\xaf\x1d\
\x49\x85\x27\x5f\x81\xe7\xdf\x14\x3d\x07\xa6\x4f\x86\x0e\xad\xcc\
\x8e\xca\x1e\xf4\x2f\x9e\x43\xff\x76\x66\xf9\x5f\xb7\x73\x15\xfa\
\x5f\xfb\xe3\x78\xf4\x0b\x68\xdb\xdb\x07\x91\xf9\x2f\x7d\xf7\x1a\
\xf4\x57\xc6\x42\x5e\xf6\xe5\xbf\x30\x33\x19\xfd\xb5\x49\x70\x78\
\x27\xda\xad\x7f\xf3\x4d\x70\x26\xd1\xdd\x70\xe4\xd7\x22\xe2\x17\
\xe7\x93\xba\xab\xd8\xf2\xd3\xfc\x37\xf6\x72\x72\xff\x28\x27\x03\
\xaf\xac\xf8\x64\x69\xaf\xf6\x0e\x1a\xd7\xd6\x48\x4a\x33\xfc\x97\
\x6b\x09\x5c\x05\x6c\x36\x3a\x50\x55\x60\xd9\xe9\x6c\x0b\xf2\x9b\
\xa7\xff\x8b\x29\x28\x84\xf7\xbf\x82\x2b\x6e\x80\x81\x13\xe1\xbb\
\x65\xe0\xb2\xf6\xcc\xe1\x39\xac\xb6\x04\xa0\x2f\x99\x5d\xa1\x9b\
\xff\x1f\xf2\xb2\x70\xbf\x32\x16\x52\x13\xbc\x17\x94\xbf\x4b\xd9\
\x5f\xb1\x9b\xff\x59\xf4\xff\xfd\x13\xfd\xc7\xf7\xbd\x18\x94\x79\
\x8a\xf3\xdc\xec\x5c\x98\xcf\x37\x33\x8e\xb3\x62\x66\x16\xa9\x3b\
\xad\x7b\xf3\x8f\x8e\x82\x47\x6e\x0d\x60\xff\x67\xc1\xfc\xef\x85\
\xc0\x4a\xdd\xfc\x41\xfc\x7e\x8f\x1b\x24\x6d\xad\xd2\xaf\x3f\xab\
\x7d\x49\x25\x00\x15\x23\xad\xf3\x9f\x15\xfc\xbc\x01\x46\xde\x2b\
\x4e\x0f\x3c\x3b\x0b\x4e\x64\x99\x1d\x51\xf9\x2c\x75\x0a\xe0\x44\
\x0a\xfa\x67\x4f\x57\xfe\x7d\x79\x59\xb8\xdf\xbb\x5f\x7e\x3c\x36\
\xa1\xff\xf7\xc1\x4a\xdd\xfc\xff\x78\xdf\xdc\x27\x21\x33\xd9\x0b\
\x11\x79\xc8\x60\xb2\x9a\x9d\x52\x7a\xba\x36\xff\x71\xb6\x7c\x92\
\x43\xee\x31\xeb\x66\xea\x2d\x1a\xc3\x6b\x4f\xc1\x91\xb5\x30\xf3\
\x41\x07\x4d\xea\x78\xfe\x97\x9f\x38\x44\x5a\x02\x30\x16\x35\xbb\
\x5d\x21\x2a\x01\xa8\x98\xfe\x48\xea\xfc\x67\x25\x29\xc7\xe0\xb9\
\x59\x22\x11\x98\xf6\x0c\xc4\x5b\xf8\xe1\xd4\x4a\x33\x00\xfa\x82\
\x7f\x43\x51\xbe\x67\x6f\xde\xbd\x06\xf6\x6d\x90\x1b\x90\x1d\xec\
\x59\x8f\xbe\x73\x95\x67\xef\x2d\x2e\x40\xff\xfe\x0d\xb9\xf1\x18\
\xe1\x41\xb2\xaa\xbb\xe1\xf0\xa6\x22\x96\x3c\x7f\x92\x6f\x1f\xca\
\x24\x7e\x71\xbe\x65\xd7\xf8\x1d\x0e\xb8\x61\x00\x2c\xfd\x08\xf6\
\x2e\x83\x19\x53\x20\x22\x0c\xb4\x30\x63\x89\x4a\x9b\x46\x1a\x9d\
\x9a\x4b\xb9\x25\xc5\x02\xd7\xc8\x18\xc8\xee\x54\x02\x50\x31\xb6\
\x3e\x5f\x9a\x57\x00\xef\x7c\x0a\xed\xae\x85\xa1\x53\x60\xd1\xcf\
\xa2\x1f\x81\x72\x11\xba\x8e\xbe\x69\xa1\xb1\x21\x36\x2e\x90\x14\
\x8c\x7d\xe8\x9b\xe6\x1b\x7c\xff\x02\xeb\x4c\x13\x55\x22\x59\x2d\
\xca\x75\xb3\x73\x41\x1e\xdf\x4c\x3f\xce\x8a\x7f\x65\x91\xb6\xab\
\xd8\x7b\x71\x19\x14\x15\x21\x6e\xf6\x7b\x97\xc1\xf7\xff\x81\x21\
\xbd\xcf\x4b\xcc\x43\xdd\x86\x67\x3f\xc6\x0d\x92\x76\x4b\x52\xcb\
\x00\x15\xa0\xa6\x49\xca\x17\x02\xdc\x2c\x63\xa0\x16\x9d\xa6\x91\
\x9b\x95\x40\xfa\x91\x9f\x71\xbb\xac\xf7\x8b\xae\xeb\xf0\xe3\x5a\
\xf1\x6a\xd1\x18\x1e\x98\x04\x53\x6e\x86\xc8\x70\xb3\x23\xb3\x90\
\x9c\x4c\xe3\xd3\xcd\x07\xb7\xcb\x89\xc5\x46\xf4\x83\x3b\x8c\x0d\
\x70\xfc\x08\x14\x64\x03\xfe\x51\x12\xf3\xe4\xe1\x52\xe2\x17\xe7\
\x93\xb0\xb6\x10\x57\xb1\x45\x12\x97\x4b\xa8\xf0\x67\x81\x43\x87\
\x60\x17\x14\x7a\x3e\x95\x3f\x6e\x90\x93\x27\xdf\x2b\x95\xf1\x00\
\x32\x02\xd1\x24\x28\xcf\xf0\x48\x36\xa6\x12\x80\xf2\x0d\x03\xaa\
\x19\x1d\x24\x38\xb4\x16\x75\x1b\x5f\x0f\x9a\x46\x93\x76\xb7\x93\
\x96\xb4\x94\xa3\x07\xbf\xa7\x28\x3f\x43\x42\x88\xf2\xed\x4f\x82\
\xe9\xcf\xc3\x53\xaf\x8a\x5f\xfc\x07\x26\x41\xf3\x46\x66\x47\x65\
\x01\x59\xc6\xcb\x2d\xea\x59\x69\x46\x1f\x94\xec\x27\x5b\x42\x19\
\xcb\x9c\x4c\x88\xac\x6d\x7c\x1c\x2f\x71\xbb\xe0\xc8\x96\x22\xe2\
\x97\xe4\x93\xb6\xdb\x7a\x0f\x00\x67\xd3\x34\xf1\x84\x3f\x7d\x32\
\x5c\xdb\x57\x4c\xfb\x57\xe8\x7d\x61\x6e\x74\x03\x09\x40\xfd\x18\
\x8d\x7e\x1d\x1d\xfc\xbc\xcd\x70\x06\x10\x01\xdc\x84\xea\x10\x78\
\x59\x2a\x01\x28\x9f\x94\xa9\xa4\xd8\xfa\xfd\xff\x98\x2f\x0b\x0c\
\x8a\xa4\x41\xcb\x5b\x68\xd0\xe2\x66\x32\xd3\x37\x71\x34\x61\x01\
\x27\x8f\x59\xf3\xa9\xf0\x54\x2e\xcc\x9a\x03\x6f\xce\x85\x81\x3d\
\xc5\x07\xc2\xb0\x01\xd6\x5a\x93\xf7\xa9\x52\x09\x1f\xdc\xa5\x25\
\xc6\xc7\xb0\x1b\x19\xdf\x13\x97\x35\xbf\xaf\x65\xb5\xf9\x77\xff\
\x90\x4f\x6e\x86\x75\x37\xf4\x81\x58\xcb\x1f\x7f\xfa\xb8\x70\xbb\
\x16\x1e\x0c\x10\xe2\x02\x47\x20\x18\xb8\x7f\x8f\x1b\xe4\x94\x91\
\x00\x80\xa8\x09\xa0\x12\x80\xcb\x50\x09\xc0\xe5\x55\x07\xae\x95\
\x31\x50\x5c\x83\xfe\x17\xfe\x47\x4d\xa3\x66\xed\xee\xd4\xac\xdd\
\x9d\xdc\xec\x44\x52\x12\x17\x9d\x5e\x1e\x28\x92\x71\x49\xa9\xdc\
\x6e\x58\xbe\x4e\xbc\x5a\x34\x86\xfb\x26\xc2\x9d\xb7\x42\x78\xd5\
\x2d\xc6\xa6\x28\x97\x75\x22\xa9\x94\x3d\xcb\xf2\x49\x5c\x63\xfd\
\xa2\x3d\x4d\x1b\x88\x0e\xa3\x77\xdd\x0a\x35\x8c\x14\x0c\xd3\x10\
\x49\x40\xbe\xe7\xb3\x00\xa3\x07\x38\x99\xfe\x7a\x09\x85\xc6\x73\
\xed\xa1\xa8\x0e\x81\x97\xa5\x36\x01\x5e\x9e\x94\xce\x7f\xe1\x51\
\x8d\x09\xaf\xd6\xe4\xb2\x5f\x13\x51\xad\x29\x2d\x3b\x3f\x40\x8f\
\xa1\x1f\xd2\xa4\xed\x24\x82\x43\x6b\x1a\xbd\xac\xd7\xec\x4f\x82\
\x07\x5f\x80\x06\xbd\xe1\xcf\xff\x80\x24\x1f\x9c\xc0\xaa\xb2\x33\
\x0e\x8a\xdf\x49\xf9\xbd\x98\xc5\xcf\x9c\x60\xc1\xe3\x99\xec\x5b\
\x5e\x60\xd9\x9b\xbf\xa6\xc1\x35\x57\xc3\xfc\xd9\xb0\xff\x27\x78\
\xfc\x6e\x83\x37\xff\xb2\x71\x43\x8d\xcd\x72\x54\x0b\x87\xeb\x7b\
\x48\x39\x12\x58\xd6\x21\x50\xb9\x04\x95\x00\x5c\x9e\x94\xe9\xff\
\xb8\x06\x03\x2a\xfc\xb5\x81\xc1\xd5\x68\xd8\xea\x56\xba\x0f\xfd\
\x88\xf6\x3d\xff\x46\xf5\xd8\x4e\x32\x42\xf0\x8a\x93\xd9\xf0\xca\
\xfb\xd0\x6c\x20\x0c\x9e\x0c\x0b\x57\x78\x6f\x23\xb6\x55\x36\x78\
\x2b\x4a\x79\xf6\x2d\x2f\x20\x7d\x8f\x35\x97\x23\x00\x82\x83\xe0\
\xb6\x11\xb0\xe3\x7b\x58\xfe\x31\xdc\x78\x4d\xc5\xd7\xf8\x2b\x24\
\xc4\x0d\x4e\x63\xbf\xb0\x12\x4f\x03\x8c\x97\x35\x90\x1d\xa9\x25\
\x80\x4b\x93\xd4\xf9\x4f\x23\xa6\x7e\x9f\xca\xbf\x4b\x73\x9c\x59\
\x1e\xc8\x4a\x20\xe5\xe0\x0f\xa4\x1f\x59\x61\xc9\xd3\x03\x67\x2f\
\x0f\xb4\x6a\x0a\xf7\x8e\x17\x53\x89\x61\x6a\x79\x40\x51\x2c\xa3\
\x6e\xac\xe8\x09\xf2\xc0\x24\x1f\xf4\x05\x09\x75\x41\xae\xe7\xb7\
\x97\x1b\x7a\x3a\x89\x8e\x28\x21\x2b\xd7\x70\x24\x3d\x81\x16\xc0\
\x7e\xc3\x23\xd9\x90\x9a\x01\xb8\xb4\x09\x48\xf8\xfe\x44\xd7\x6a\
\x4f\x48\x58\x9c\xa1\x31\x22\xa2\x9b\xfd\xb1\x3c\xd0\xb4\xdd\xed\
\x04\x87\xc6\x18\x0d\xcb\x6b\xf6\x26\x8a\xe5\x81\xba\x57\xc3\x8c\
\xbf\xc3\xa1\xa3\xe5\xbf\x47\x51\x14\xef\xe9\xd2\x1e\xe6\xcc\x84\
\x43\x6b\xe0\xd9\xe9\xbe\x69\x0a\xa6\x85\x1a\xdb\xc4\x17\x12\x04\
\xa3\xfa\x4a\xad\x0c\xa8\x5c\x84\x4a\x00\x2e\x4d\xca\xd4\x51\x6c\
\x25\xa6\xff\xcb\x13\x18\x1c\x4d\x83\x96\xb7\xd0\x7d\xc8\xfb\xb4\
\xed\xf6\x24\xd5\x6a\xb6\x95\x36\xb6\x6c\xd9\x39\xe2\xf4\x40\xd3\
\x01\x30\x7c\xaa\x98\x1d\x30\x42\xed\x01\x50\x94\x8a\x2b\x9b\xe6\
\xdf\xbe\x10\xb6\x7c\x07\x93\x46\xfa\xb8\x2d\x78\x90\x1b\x02\x8c\
\x2d\x03\x8c\x1f\x2c\x2d\xe0\xdb\x64\x0d\x64\x37\x6a\x09\xe0\xe2\
\x3a\x01\xed\x8d\x0e\xe2\x70\x06\x11\x53\x4f\x7e\xf7\x37\xcd\x11\
\x40\x4c\xbd\xde\xc4\xd4\xeb\x4d\x4e\xd6\x01\x52\x0f\x2e\xb6\xf4\
\xf2\xc0\xf7\x2b\xc4\xab\x73\x5b\xb8\x67\xbc\xf8\x60\x0a\x0d\x31\
\x3b\x32\x45\xb1\x9f\xda\x31\x70\xf7\x38\x71\x4a\x27\xa6\x86\xc9\
\xc1\x84\xba\x20\xc7\xf3\x5b\x4c\xff\x4e\x0e\xea\xc7\x68\x24\x67\
\x18\xde\x00\xd4\x02\xe8\x0a\x6c\x31\x3a\x90\xdd\xa8\x19\x80\x8b\
\x93\x52\xfa\xb7\x66\xdc\x55\x04\x04\x7a\xb7\x8c\x5e\x64\x74\x73\
\x5a\x76\x7e\x80\xee\x7f\x2c\x0f\x58\xf7\xf4\xc0\xb6\xdd\x70\xf7\
\x53\xd0\xb8\x1f\x3c\x31\x13\x92\xd3\xcc\x8e\x48\x51\xec\xa1\x6c\
\x9a\xff\xf0\xe9\x69\x7e\xd3\x6f\xfe\x18\xef\x0d\xe0\x70\xc0\xad\
\x03\xa5\xcd\x02\xd8\xba\x9c\xbb\xa7\x54\x02\x70\x21\x69\x9d\xff\
\x64\x4e\xff\x97\x27\xe8\x8f\xe5\x81\x0f\x68\xdb\xed\x49\xa2\x6a\
\xb4\xf6\xd9\xb5\x2b\xeb\x58\x26\xbc\x3c\x1b\x9a\x0d\x80\x31\x0f\
\xc0\xba\xad\x66\x47\xa4\x28\xfe\x27\x28\x10\x46\x5f\x07\xbf\x7c\
\x7d\x66\x9a\x3f\xd0\x4a\x73\xba\x01\xba\x58\x0a\x30\x60\xfc\x60\
\xa9\xa7\x01\xac\xf4\xdd\xb1\x04\xf5\x0d\xb9\x50\x7f\x24\x74\xfe\
\x0b\x08\x8c\xa0\x46\xed\xae\xc6\xa3\xa9\xa4\xb3\x97\x07\xb2\x33\
\x77\x73\x34\x61\x01\xc7\x53\x7e\x41\xd7\xad\x57\x81\xac\xb8\x04\
\xbe\x5e\x2c\x5e\x3d\x3a\x89\x46\x23\x37\x5f\x7b\xf1\x0f\x31\xb5\
\x07\x40\x51\x84\x3a\xb1\x70\xcf\x38\x31\xd5\x1f\x57\xcb\xec\x68\
\x2e\x4f\x0b\x75\xa1\x17\x7b\x76\x13\xff\x3d\x51\x67\xf6\x7c\x17\
\x9a\x26\xe5\x18\x70\x59\x87\xc0\xa5\x86\x47\xb2\x11\x95\x00\x5c\
\x48\xca\x54\x51\x4c\xfd\x3e\x38\x1c\xe6\x36\x26\xa9\x56\xb3\x2d\
\xd5\x6a\xb6\xa5\xb8\xf0\x24\x29\x07\x7f\x20\xe5\xe0\x22\x4a\x8a\
\x2a\xdf\x6f\xdd\x17\x36\x6c\x87\x0d\x0f\x8a\x35\xcc\xc9\xa3\x44\
\x29\xd2\xba\xb1\x67\xfe\x5c\xd5\x01\x50\xaa\xba\x2e\xed\x45\xb5\
\xbe\x49\x23\x21\xc4\x70\x79\x32\x1f\x09\x73\x43\x25\x3e\x72\xdc\
\x6e\x58\xb4\xc1\xcd\x1b\xf3\x4a\xf9\xe9\x57\xb7\xec\xdf\xfb\xf1\
\xa8\x04\xe0\x1c\x2a\x01\x38\x57\x08\x30\x4a\xc6\x40\x95\x29\xfe\
\xe3\x6d\x41\x21\xd5\x69\xdc\x66\x02\x0d\x5b\x8d\x21\x23\x79\x35\
\xc9\x07\xbe\x25\x37\xfb\xa0\xd9\x61\x5d\x54\x5a\x86\x58\x1e\xf8\
\xf7\x07\x70\xd3\x20\x78\xf8\x4f\x62\x76\x40\x51\xaa\xa2\xc0\x00\
\x18\x31\x58\xdc\xf8\x07\x49\xa8\x4a\xe2\x73\x0e\x1d\x82\xdd\x50\
\x74\xf9\x59\x80\xec\x3c\xf8\x68\xb1\x8b\xd7\xbf\x2e\x25\x29\xcd\
\x6b\xd9\xfe\xcd\xc0\x34\x54\x87\xc0\x3f\xa8\x04\xe0\x5c\xc3\x00\
\xc3\xa7\x64\x43\xc2\x62\x2d\x79\x44\xcf\xe1\x08\x24\xae\xe1\x35\
\xc4\x35\xbc\x86\xac\xe3\xbf\x73\x34\x61\x01\x99\xa9\x1b\xd0\x75\
\x29\x8d\x37\xa4\x3a\x7b\x79\xa0\xef\x55\xd0\xba\x99\xd9\x11\x29\
\x8a\xef\xc4\xd6\x14\x53\xfc\xf7\x8c\x3f\x77\x26\xcc\x1f\x69\x61\
\x2e\xf4\x4b\x24\x00\x3b\x0e\xe8\xbc\xf5\x6d\x29\x9f\x2e\x73\x51\
\xe0\xfd\x16\x28\xe1\xc0\x8d\xc0\xe7\x5e\xbf\x92\x9f\x50\x09\xc0\
\xb9\xe4\x74\xfe\x6b\x30\x00\x2c\xde\xf0\x35\xba\x56\x07\xa2\x6b\
\x75\xa0\xb8\xf0\x04\x29\x07\x17\x93\x92\xb8\x90\x92\xe2\x1c\xb3\
\xc3\xba\xa8\xd5\x9b\xc5\x4b\x51\xec\xce\x96\x47\x65\x43\x5d\x90\
\x15\x08\xa7\x1f\xec\xbd\x3c\xcd\x5f\x9e\xf1\xa8\x04\xe0\x0f\x2a\
\x01\x38\x43\x5a\xe7\xbf\xd8\xfa\xfd\x64\x0c\xe3\x13\x41\x21\x35\
\xce\x59\x1e\x38\x72\xe0\x5b\xf2\x2c\xba\x3c\xa0\x28\x76\xe4\x70\
\xc0\xf5\xfd\x61\xc6\x64\x3f\x9d\xe6\x2f\xcf\xe9\x0e\x81\x59\x19\
\x0e\xe6\x2c\x71\xf3\xda\x57\xa5\x1c\x4a\x37\x6d\x53\xcf\xb5\x88\
\x0d\x81\xc7\xcc\x0a\xc0\x4a\x54\x02\x70\xc6\x18\x24\x74\xfe\x8b\
\x88\x6e\x46\x78\x54\x23\x09\xe1\xf8\xd6\xd9\xcb\x03\xd9\x99\xbb\
\x4e\x9f\x1e\x58\x6f\xc9\xd3\x03\x8a\x62\x07\xd5\x22\xc5\x86\xd7\
\x87\xef\x80\x46\xf5\xcc\x8e\xc6\x7b\xb6\xed\x86\x77\xe7\x96\xf2\
\xc9\x42\x9d\xfc\x42\xb3\xa3\x21\x00\xb8\x05\x78\xdb\xec\x40\xac\
\x40\x25\x00\x67\x48\xd9\xfd\x1f\x57\xbf\xbf\x8c\x61\x4c\x55\xad\
\x66\x3b\xaa\xd5\x6c\x47\x61\x7e\x3a\x29\x07\x7f\x20\x35\x69\x29\
\xa5\x16\x5d\x1e\x50\x14\x7f\x53\x15\x1a\x66\xb9\xdd\xb0\x68\xa5\
\x28\x07\x2e\xca\x80\x5b\xea\x18\xcf\x04\x54\x02\x00\xa8\x04\xa0\
\x8c\x9c\xce\x7f\x9a\x46\x8c\x1f\x4d\xff\x97\x27\x24\x2c\x8e\xa6\
\xed\x6e\xa7\x71\xeb\x09\x64\x1c\x5d\xc3\x91\xfd\xdf\x90\x77\xea\
\x90\xd9\x61\x29\x8a\xdf\x39\x7b\x9a\xff\x9a\xab\xed\x5b\xd7\xe2\
\x58\x26\x7c\x38\x0f\xde\xfe\x14\x0e\xa7\x98\x1d\xcd\x25\x5d\x8d\
\xea\x10\x08\xa8\x04\xa0\x8c\x94\xce\x7f\xd5\x63\x3a\x5a\xba\x14\
\xaf\xa7\x1c\xce\xa0\x8b\x2c\x0f\xfc\x62\xc9\xd3\x03\x8a\x62\x25\
\x51\x11\x30\xe5\x66\x78\xe8\x76\x68\x6c\xb8\xbc\x98\x75\xfd\xba\
\x0b\x66\x7f\x0e\x73\xbf\x83\x02\xf3\xa7\xf9\x2b\x62\x2c\xf0\x77\
\xb3\x83\x30\x9b\x4a\x00\x04\xcb\x75\xfe\xb3\xaa\xb2\xe5\x81\x82\
\xbc\x54\x52\x93\x96\x90\x7a\x70\x09\xa5\x25\xc6\x9b\x76\x2b\x8a\
\x9d\xb4\x6c\x02\xd3\x26\xc0\x9d\xb7\x42\xb8\x4d\xa7\xf9\x5d\x2e\
\xf8\x61\xd5\xd9\xd3\xfc\x7e\xe5\x36\x54\x02\xa0\x12\x00\xa0\x23\
\xb2\x3a\xff\xd5\xbd\x5a\x42\x38\xfe\x21\x34\xbc\x0e\x4d\xdb\xdd\
\x4e\xa3\x56\x63\x49\x3b\xb4\x9c\xa3\x89\x0b\x28\xc8\xb5\xee\x9c\
\x9f\xa2\xf8\xca\x8b\x8f\xc2\x13\x77\xdb\x77\x9a\x3f\xfd\x38\xbc\
\xf7\x05\xbc\xfb\x19\xa4\xf8\xef\x5e\x7a\xd5\x21\x10\x95\x00\x80\
\xa4\xb3\xff\x35\xeb\xf4\xc0\x19\x10\x26\x02\x35\xa1\x26\x00\x00\
\x20\x00\x49\x44\x41\x54\x63\x28\xbf\xe2\x0c\x08\xa5\x5e\xb3\xe1\
\xd4\x6b\x36\x8c\x93\xc7\x76\x70\x34\x61\x3e\x99\x69\x9b\xb1\xd8\
\xa6\x1f\x45\xf1\x99\xd8\x9a\xf6\xbc\xf9\xfb\xe1\x34\x7f\x79\xc6\
\xa3\x12\x80\x2a\x4d\x5a\xe7\xbf\xb8\x06\xfd\x65\x0c\xe3\xc7\x34\
\xaa\xc7\x76\xa2\x7a\x6c\x27\x0a\xf2\x52\x48\x4d\x5a\x4a\xea\xc1\
\xc5\x94\x96\xa8\xaa\x9b\x4a\xd5\x92\x6b\xa3\x1f\xf9\xe2\x12\x98\
\xbf\x5c\x3c\xf1\xfb\xe1\x34\x7f\x79\x26\x00\x8f\x01\xa5\x66\x07\
\x62\x96\xaa\x9e\x00\xf4\x47\x42\xe7\xbf\xc0\xa0\x28\x6a\xc4\x76\
\x31\x1e\x8d\x4d\x84\x86\xd7\xa5\x69\xbb\xdb\x69\xd8\x72\x0c\x69\
\x87\x96\x91\x92\xf8\x3d\x05\x79\xa9\x66\x87\xa5\x28\x3e\x91\x63\
\x83\x04\x20\xe3\x04\xbc\xfd\x09\xcc\xfe\x02\x52\xfd\x77\x9a\xbf\
\x3c\xb1\xc0\x40\xe0\x47\xb3\x03\x31\x4b\x55\x4f\x00\xa4\x75\xfe\
\xd3\x1c\x55\xfd\x5b\x79\xa1\x80\xc0\x70\xea\x37\x1f\x41\xfd\x66\
\x37\x91\x99\xbe\x89\xa3\x09\x0b\x38\x79\x6c\x07\x6a\x79\x40\xb1\
\xb3\xdc\x7c\xb3\x23\xf0\x9c\xdb\x0d\x33\xff\x03\x2f\xbc\xe5\xdf\
\x7f\x8f\x4a\x98\x80\x4a\x00\xaa\xa4\x10\x44\x77\x28\xc3\xac\xd4\
\xf9\xcf\x92\x34\x8d\x9a\xb5\xbb\x53\xb3\x76\x77\xf2\x4e\x1d\xe2\
\x68\xe2\x42\x8e\x1d\xfe\x19\x97\xcb\x1e\x0b\x89\x8a\x72\x36\x7f\
\x5d\x02\x28\x29\x85\x09\x0f\x89\x06\x5c\x56\x56\x27\x12\x6e\x6a\
\x0d\xef\xca\xe9\x0f\x32\x12\xb8\x17\xa8\x1a\xe9\xce\x79\xaa\x72\
\x02\x30\x0c\xa8\x66\x74\x90\x90\xf0\xda\x44\xd5\x68\x2d\x21\x9c\
\xaa\x21\x3c\xaa\x11\x2d\x3b\xdd\x4f\xd3\x76\x53\x48\x4d\x5a\x4a\
\x4a\xe2\x22\x0a\xf3\xd3\xcd\x0e\x4b\x51\xa4\xf1\xd7\x27\xe7\x3f\
\xff\xc3\xda\x37\xff\x6e\xf5\xe0\xde\x6e\x30\xb2\x0d\x04\x3a\x60\
\x55\x12\xc4\x67\x18\x1e\x36\x12\xd1\x21\xf0\x0b\xc3\x23\xf9\xa1\
\xaa\x9c\x00\xc8\x29\xfd\xeb\x07\x9d\xff\xac\x28\x20\x30\x82\x06\
\x2d\x6e\xa6\x7e\xf3\x91\x64\xa6\x6e\xe4\x68\xc2\x7c\xb2\x8e\xff\
\x6e\x76\x58\x8a\x62\x98\xcb\x0f\xdb\x67\x6c\xdc\x21\xce\xf3\x5b\
\x4d\x90\x13\x46\xb5\x85\x69\x57\x41\x97\xba\xe7\xfe\xd9\xb8\x0e\
\xf0\xb7\x15\x52\x2e\x33\x01\x95\x00\x54\x29\xd5\x81\xeb\x64\x0c\
\x14\x5b\xe5\x77\xff\x1b\xa3\x69\x0e\x6a\xd5\xed\x49\xad\xba\x3d\
\xc9\xcf\x4d\x26\x25\x71\x11\xa9\x49\x4b\x71\xbb\xbc\xdf\x1c\x5c\
\x51\xbc\xc1\x1f\x77\xb8\xfc\xf3\x3d\x7c\xdd\x96\xf7\xb2\x62\xc3\
\x61\x62\x47\xb8\xa7\x2b\xd4\x8b\xba\xf8\xd7\x8c\xeb\x00\xcf\xfe\
\x0c\x6e\xe3\x71\x0f\x05\x6a\x01\xc7\x0d\x8f\xe4\x67\xaa\x6a\x02\
\x30\x1a\x09\x9d\xff\x22\xab\xb7\x20\x2c\xc2\xc6\xf5\x3d\x7d\x2c\
\x2c\xa2\x3e\xcd\xaf\xb8\x9b\x46\xad\xc7\x93\x9a\xb4\x84\x94\xc4\
\x45\x14\x15\x18\x9f\xe3\x53\x14\x5f\x72\xfb\x59\x85\xec\xa2\x62\
\xf8\x61\xa5\xd9\x51\x08\x5d\xea\x8a\xa7\xfd\x51\x6d\xc5\xd3\xff\
\xe5\xd4\x8d\x84\xde\x8d\x60\x75\x92\xe1\xcb\x06\x22\xba\xc1\x56\
\xb9\x06\x41\x55\x35\x01\x90\x38\xfd\xaf\xc8\x16\x18\x14\x49\xc3\
\x96\xa3\x69\xd0\x62\x14\xc7\x53\xd6\x73\x34\x61\x01\xd9\x99\xbb\
\xcc\x0e\x4b\x51\x2a\xc4\x4a\x4f\xd2\x15\xb1\xfb\x00\x14\x9a\x38\
\xe1\x16\xe8\x80\x11\x6d\x60\x5a\x37\xb1\xce\x5f\x19\xe3\xda\x4b\
\x49\x00\xa0\x8a\x76\x08\x34\xdc\x00\xc7\x0f\x35\x02\xfa\x18\x1d\
\x44\xd3\x9c\xc4\xd4\xeb\x2b\x21\x1c\xe5\x52\xc4\xf7\xb8\x37\x9d\
\xfa\xfe\x93\x16\x1d\xa7\x99\x1d\x8e\xa2\x54\x88\xbf\xcd\x00\x9c\
\xcc\x36\xef\xda\x63\xda\x41\xfc\x03\xf0\xd1\xc8\xca\xdf\xfc\x41\
\x6c\x08\x0c\x95\xf3\x18\xdb\x13\x68\x2a\x65\x24\x3f\x52\x15\x13\
\x80\x71\x48\xd8\xb5\x57\x3d\xb6\x23\x41\x21\xd5\x25\x84\xa3\x54\
\x44\x60\xb0\xe1\x03\x1b\x8a\xe2\x13\xfe\x36\x03\x10\x61\x62\x05\
\xf3\x79\xbb\xe1\xfe\x45\xb0\x2c\xc1\xb3\xbd\x13\x91\xc1\x70\x43\
\x4b\x29\xa1\x68\x48\x6a\x0a\xe7\x4f\xaa\x62\x02\x20\x65\xfa\x3f\
\xb6\xc1\x40\x19\xc3\x28\x8a\x62\x33\x41\x41\x66\x47\x50\x39\x6d\
\x9a\x83\xb3\x9c\xf5\x76\x6f\x71\xeb\xb0\xe4\x00\x8c\xf8\x1c\x3a\
\xbe\x0d\xaf\xfe\x02\x59\x95\x2c\x0f\x32\xb6\x83\xb4\x70\xa4\xdc\
\x1b\xfc\x49\x55\x4b\x00\x3a\x21\xa1\xf3\x9f\xd3\x19\x42\xad\x3a\
\x3d\x24\x84\xa3\x28\x8a\xdd\x84\x1a\xde\x5e\xec\x5b\x91\xe1\xd0\
\xdb\x02\x95\xcc\x13\x4e\xc0\xd3\x2b\xa0\xd5\x2c\x78\x78\x09\xec\
\xcb\xac\xd8\xfb\x06\x35\x83\x5a\x72\x66\x31\x5a\x03\x16\xf8\x4e\
\xf8\x4e\x55\x4b\x00\xa4\x64\x78\x35\xeb\xf6\xc4\x19\x60\xd3\x26\
\xdf\x8a\xa2\x18\x12\xe6\x87\x1f\x0d\x33\xa6\x98\x1d\xc1\x19\xb9\
\xc5\x30\x7b\x0b\x5c\xf9\x0e\x0c\xff\x0c\x7e\xd8\x7f\xf9\xa3\x7e\
\x81\x0e\x18\xdd\x4e\xda\xe5\xab\xd4\x2c\x40\x55\x4a\x00\x1c\x88\
\xf5\x7f\xc3\x54\xe7\x3f\x45\x51\x2e\xc5\x1f\x13\x80\x91\x43\xe0\
\x06\x8b\x1d\x6a\xd2\x81\x15\x89\x30\xfa\x4b\xb8\xe2\x6d\x98\xb5\
\xe1\xd2\xcb\x03\x12\x97\x01\xc6\x02\x26\x2d\x88\xf8\x5e\x55\x4a\
\x00\xfa\x03\x1e\xec\x33\x3d\x57\x60\x70\x34\xd5\x63\x3b\x1b\x8f\
\x46\x51\x14\x5b\xf2\xb7\x25\x80\x32\x1f\xcf\x84\xce\x6d\xcd\x8e\
\xe2\xe2\x0e\x9e\x84\x27\x97\x43\x8b\xd7\xe1\x81\x1f\x60\xd7\x79\
\x1d\x0a\xbb\xd6\x85\x16\x35\xa5\x5c\xaa\x0e\xa2\x43\x60\x95\x50\
\x95\x12\x00\x39\x9b\xff\xea\xf7\x45\xd3\xaa\x4c\x82\xa8\x28\x4a\
\x25\xf9\xe3\x0c\x00\x40\x8d\x68\x58\xf1\x09\x8c\x96\x52\x23\xd5\
\x3b\xf2\x4b\xe0\x83\x5f\xa1\xdb\x7b\x70\xed\x5c\xf8\x6e\x0f\x94\
\x9e\x3e\x76\x39\x4e\x6d\x06\xac\xb4\xaa\x92\x00\xa8\xce\x7f\x8a\
\xa2\xf8\x44\x64\xb8\xd9\x11\x78\x2e\x3a\x0a\xbe\x7a\x03\x56\x7d\
\x0e\xd7\xf5\x03\x87\x85\xef\x10\x6b\x0e\xc1\x84\x79\xd0\xee\x4d\
\x78\x65\x1d\x0c\x6a\x2a\xad\x2b\xcb\x28\xc0\xc4\xc3\x91\xbe\x63\
\xe1\x7f\x5e\xa9\xa4\x74\xfe\x0b\x8d\xa8\x47\x64\x75\x39\x87\x4e\
\x15\x45\xb1\xa7\x98\x1a\x66\x47\x60\x5c\xdf\xab\xe0\x87\xff\x42\
\xfc\x52\x78\x60\x92\xb5\x93\x9a\xe4\x53\xf0\xcc\xcf\x30\xe4\x63\
\x08\x90\x73\x47\x8b\x04\x86\x4b\x19\xc9\xe2\xaa\x4a\x29\x60\x55\
\xfa\xd7\xdf\x69\xc6\x73\x7b\xbd\xb4\xd8\xf8\x13\x42\x69\xb1\xe1\
\x38\x4c\xe5\x2a\x45\x8f\x5f\x07\xbb\xd7\x40\x66\xb2\xf8\x6f\xb5\
\x1a\x40\xdb\x3e\x68\xad\xaf\x06\xa7\x1f\x7f\x24\x94\x96\x18\x1f\
\xc3\x55\x6a\x78\x88\x5a\x36\x48\x00\xca\xb4\x6c\x02\xb3\xfe\x06\
\x2f\x3c\x0c\x1f\xce\x83\x37\xe7\xc2\x81\x43\x66\x47\x75\x71\x85\
\xc6\xff\xe9\xce\x36\x01\xf8\x52\xea\x88\x16\xe4\xc7\xbf\xed\x15\
\x56\x03\xb8\xde\xf8\x30\x1a\xb1\x0d\xfa\x19\x1f\x46\xf1\x88\xc3\
\x21\xe1\x47\x35\x2b\xdd\xf0\x10\xba\x84\x31\xcc\xa2\xaf\xf9\x02\
\xfd\xcb\xe7\x21\xe3\xf0\x45\xfe\xf4\x25\xf4\x98\x46\x68\x63\x9f\
\x41\xeb\x3d\xc6\xe7\xb1\x49\x91\x9d\x0e\xb5\x8c\x55\x73\xd5\x73\
\x2b\x78\xf8\xfc\x32\xec\x30\x03\x70\xbe\xa8\x08\x71\x54\xf0\x81\
\x49\xa2\x71\xd0\xac\x8f\x61\xf9\x3a\xff\xab\x7a\x58\x09\xd7\x52\
\x05\x3a\x04\x56\x85\x25\x80\x5b\x00\xc3\xb5\xb9\xa2\x6a\xb4\x22\
\x34\xbc\x6e\xf9\x5f\xa8\x78\x85\xc3\x21\xa1\xbc\xda\xb1\x43\x90\
\x97\x65\x6c\x8c\x83\xdb\x8d\xc7\xe1\x6b\xae\x12\xf4\x77\xee\x45\
\x7f\xf3\xce\x4b\xdc\xfc\x4f\xcb\x38\x84\xfe\xc6\x1d\xe8\xb3\xef\
\x03\x97\x84\xa7\x69\x1f\xd3\x53\xf7\x1a\x1b\xa0\x30\x07\xb2\xd3\
\x0c\xc7\x61\xc7\x04\xa0\x8c\xc3\x01\xc3\x06\xc2\x8f\x1f\xc1\xce\
\xc5\x70\xcf\x78\x08\xf7\xd3\x4d\x8f\xe5\x08\x44\x74\x8d\xb5\xb5\
\xaa\x90\x00\xa8\xe9\x7f\x1b\x08\x0a\x91\xf0\xa9\xea\x2a\x41\xdf\
\xb2\xc8\xf3\xf7\xeb\x3a\xfa\xc6\xf9\xc6\xe3\xf0\x31\xfd\x83\x47\
\xd1\x57\xce\xad\xf8\xd7\xaf\x98\x83\xfe\xd1\x63\x5e\x8c\xc8\x4b\
\xf6\xae\xc5\xb3\x8a\xf2\x82\xbe\x7f\x1d\xb8\x5d\x86\x42\x70\x3a\
\xa1\xc6\xe9\xdd\x46\x85\x45\x70\x2c\xd3\xff\x9a\x03\x55\x54\xdb\
\xe6\xf0\xce\xf3\x70\x64\x2d\xcc\x7c\x02\x1a\xdb\xaf\x33\xba\xed\
\x4f\x03\xd8\x3d\x01\x90\xd3\xf9\xcf\x11\x40\x4c\x3d\xc3\xc3\x28\
\x06\x84\x84\xc5\x4a\x19\x47\xff\xee\x15\x8f\xd7\x79\xf5\x0d\xdf\
\xc2\x51\x83\x4f\x99\x3e\xa6\x6f\x59\x84\xbe\xfc\xbf\x95\x7f\xdf\
\x8f\xff\x41\xff\x75\x89\x17\x22\xf2\x1e\xfd\x78\x12\xfa\xde\xb5\
\x9e\xbd\xd9\x5d\x8a\x7b\xfd\xe7\x86\x63\x08\x09\x82\xfb\x9f\x83\
\x06\xbd\x21\xb4\x1d\xc4\x75\x87\xe0\x36\x70\xd5\x48\x78\x79\x36\
\xa4\x65\x18\xbe\x84\xe5\x54\xaf\x06\x8f\xde\x09\x07\x7e\x82\xff\
\xbd\x0d\xfd\xbb\x9b\x1d\x91\x34\x57\x03\x4d\xcc\x0e\xc2\x9b\xec\
\x9e\x00\x8c\x47\xc2\xc9\x90\x1a\xb1\x9d\x55\x37\x3a\x93\x39\x03\
\x42\xe5\x24\x01\x29\xfb\xd1\xe7\xbd\x58\xf9\xf7\x9d\x4c\x45\x9f\
\xf3\xb8\xf1\xeb\xfb\x98\xfe\xe5\xf3\xa6\xbc\xd7\x2c\xee\x9f\xde\
\x86\xbc\x13\x95\x7f\xdf\x9a\x8f\xe0\xe4\x51\xc3\xd7\xcf\x2b\x80\
\x77\x3e\x85\xe4\xb3\x56\x12\x4a\x5d\xb0\xe5\x77\x78\x62\x26\x34\
\xea\x0b\x93\x1e\x15\xff\xdb\x6e\x9c\x4e\x51\x51\xf0\xe7\x4f\x61\
\xc7\xf7\xf0\xa7\xd1\x10\x1a\x62\x76\x54\x86\xd8\xbe\x43\xa0\xdd\
\x13\x00\xd5\xf9\xcf\x46\x64\x1d\xc1\xd4\xbf\x9d\x89\xbe\x64\x76\
\xc5\xdf\x90\x95\x8e\xfb\xe5\xd1\x70\x32\x55\xca\xf5\x7d\x26\x79\
\x0f\x1c\xde\xe5\xf9\xfb\x93\x7e\x83\xa3\xfb\xe4\xc5\xe3\x0b\x39\
\x19\xb8\xe7\x3d\x05\x79\x27\x2b\xfc\x16\x7d\xeb\xb7\xe8\x1b\x7c\
\xb3\xe1\xbb\xb8\x04\xe6\x7e\x27\x66\x04\x7a\x8d\x81\xaf\x7e\x10\
\x09\x82\xdd\x5c\xd1\x1a\xde\x7f\x09\x0e\xaf\x81\x17\x1f\x85\xfa\
\xb5\xcd\x8e\xc8\x63\xb6\x5e\x06\xb0\x73\x02\xd0\x09\x30\xdc\x22\
\xc2\x19\x10\x4a\xad\x3a\xf6\x99\xd3\xf2\x67\xd5\x6a\x19\x6e\xe4\
\x28\xe8\x3a\xfa\x87\x8f\xa0\xbf\x7d\x77\xb9\x27\x03\xf4\x2d\xdf\
\xe3\xfe\x4b\x5f\xbf\xdc\xfc\xa7\xef\x5d\x2f\x61\x8c\x5f\x24\x44\
\xe2\x5b\x7a\xda\x3e\x5c\x1f\x4f\x43\x3f\x50\xce\xdf\x3f\xf7\x04\
\xee\x45\x2f\xe3\x5e\xfe\x16\x46\xf6\x0e\x78\xea\x97\x5f\xe1\xd6\
\xe9\xd0\xa4\x1f\xbc\xf4\x2e\x1c\xaf\x78\xce\xe2\x37\x6a\x55\x87\
\x27\xef\x81\x83\xab\xe0\xcb\x59\xd0\xcb\xff\x7a\xed\xb5\x01\xae\
\x34\x3b\x08\x6f\xb1\xf3\x31\x40\x29\x99\x5b\xad\xba\x57\xe3\x70\
\xfa\x69\x71\x6f\x9b\xa9\x59\xbb\x3b\x07\x76\xbc\x2b\x6d\x3c\x7d\
\xd5\xa7\xe8\x1b\xbf\x43\xeb\x76\x23\x74\x1e\x8a\x16\xdb\x08\x42\
\xa3\xd0\x4f\xa6\xc2\x81\xad\x62\xcd\xdf\x0f\x6f\xfc\x7f\x90\x31\
\x63\x71\x22\xc5\xf8\x18\x66\x38\x95\x81\xfb\x9b\xa7\xd1\x6a\xb7\
\x44\x6b\xd5\x17\xea\xb4\x42\x8b\xa8\x89\x5e\x94\x07\x59\xa9\xe8\
\x89\x9b\xd0\xf7\xad\x85\x92\x4a\x36\x9f\xf7\x82\xe4\x34\xf8\xcb\
\x2b\xf0\xf7\x37\x61\xc2\x8d\x30\x7d\x32\x74\x68\x65\x76\x54\x72\
\x05\x38\x61\xcc\xf5\xe2\xb5\x75\x27\xcc\x9a\x03\x5f\x2e\x82\x22\
\xff\x28\xab\x31\x01\xf8\xd5\xec\x20\xbc\xc1\xae\x09\x80\xc4\xce\
\x7f\x6a\xf7\xbf\x55\x84\x84\xc5\x12\x59\xbd\x25\x39\x27\x25\x4e\
\x4b\x17\xe6\xa1\xaf\xfe\x1c\x56\x7f\x6e\xc2\x33\xa0\x97\x15\x4b\
\xb8\xb9\xc9\x18\xc3\x44\x7a\xda\x3e\xf4\x34\xff\x58\xc6\x28\x28\
\x84\xf7\xbf\x12\xaf\x01\x3d\x44\x22\x70\xe3\x35\xd6\x2e\xc7\xeb\
\x89\x2e\xed\x61\xce\x4c\xf8\xe7\xe3\x30\xfb\x73\x78\xf7\x73\x48\
\x3d\x56\xfe\xfb\x4c\x34\x0e\x78\x0c\xb0\xdd\x62\x8d\xcd\x7e\xb4\
\xfe\xd0\x1f\x09\x9d\xff\x82\x42\x6a\x10\x1d\xd3\xd1\x78\x34\x8a\
\x34\x75\x9b\x58\xb8\x53\x89\xa2\x48\xf2\xf3\x06\x18\x79\x2f\x34\
\x1f\x28\x4e\x0f\x9c\x30\x58\xbe\xc2\x8a\xe2\x6a\xc1\xdf\x1e\x80\
\xa4\x55\xa2\xff\x80\x85\x97\x07\xea\x00\xb6\x7c\x12\xb4\x6b\x02\
\x20\xb1\xf3\x9f\x5d\xbf\x45\xfe\x29\xa6\x7e\x5f\x02\x83\xa2\xcc\
\x0e\x43\x51\x7c\xe2\x60\xf2\x99\xd3\x03\xf7\x3d\x03\x7b\x13\xcd\
\x8e\x48\xbe\xa0\x40\xd1\x81\x70\xed\x97\xb0\xe1\x1b\x18\x37\x1c\
\x02\xad\x37\x37\x6d\xcb\xcd\x80\x76\xbc\xbb\x85\x20\xba\x39\x19\
\x16\xa7\x76\xff\x5b\x8e\xd3\x19\x42\x83\x96\x52\x1a\x3b\x2a\x8a\
\xdf\xc8\xcd\x87\xb7\x3f\x85\xd6\x43\xa0\xf7\xad\xf0\xf5\x62\x70\
\xd9\x6e\x42\x1a\xba\x77\x84\xcf\xfe\x2d\x8a\x0b\xfd\xe3\xcf\x50\
\x2f\x46\x52\x7f\x3f\xe3\x6c\xd9\x21\xd0\x8e\x09\xc0\x30\x20\xda\
\xe8\x20\x61\x91\x0d\x88\x88\x6e\x26\x21\x1c\x45\xb6\xba\x4d\x87\
\x11\x1c\x1a\x63\x76\x18\x8a\x62\x8a\x75\x5b\x61\xcc\x03\xd0\xee\
\x3a\x78\xeb\x13\x91\x1c\xd8\x4d\x5c\x2d\x78\xfc\x6e\x48\x58\xec\
\xe0\x83\x27\x02\xb9\xb2\xa5\xe9\xb7\xaa\x28\xc4\xbd\xc5\x56\x4c\
\xff\xae\x7a\xc1\x44\x19\x83\xa8\xcd\x7f\xd6\xe5\x74\x86\xd0\xb2\
\xd3\x7d\x66\x87\xa1\x28\xa6\xda\x9b\x08\xf7\x3f\x0b\x75\x7b\xc2\
\xdd\x4f\xc1\x9e\x04\xb3\x23\x92\x2f\xb8\x9a\x8b\x29\xd7\x3b\xd9\
\xf2\x9f\x20\x36\xbf\x17\xc4\x6d\x43\x9c\x66\x2e\x0f\xd8\x6e\x19\
\xc0\x6e\x09\x40\x0d\x40\xca\x2e\x31\x5d\x77\xe1\x76\x15\xc9\x18\
\x4a\xf1\x82\x1a\xb5\xaf\x22\x56\x25\x69\x8a\x42\x4e\x1e\xbc\xf7\
\x85\x98\x11\x18\x71\x0f\xac\x30\x5e\xfe\xc1\x3a\x34\x20\x44\xac\
\x75\x74\x69\xe5\x60\xce\x5f\x03\x39\xf0\x79\x30\x4f\x4c\x08\xa0\
\x66\x94\xcf\x97\x07\xae\x05\x6a\xfa\xfa\xa2\xde\x64\xb7\x04\x60\
\x34\x12\x3a\xff\x01\x24\xc5\x7f\xca\xfa\xc5\xb7\x71\xe0\xb7\xd9\
\x14\xe5\xdb\xb0\x80\xb7\x0d\xb4\xec\x74\x1f\x61\x91\x0d\xcc\x0e\
\x43\x51\x2c\xc1\xed\x86\xf9\xcb\xe1\x9a\xdb\xa0\xd5\x60\x78\xfd\
\x23\x51\x9a\xd8\xdf\x69\x61\xe7\x6e\x76\x68\x10\xab\xf1\xe2\xd4\
\x00\x92\xff\x17\xcc\x47\x7f\x09\xe4\x8a\x66\x3e\x4b\x04\x82\xb0\
\x59\x87\x40\xbb\x25\x00\x52\xa7\x68\x4a\x4b\xf2\x38\x9a\xb0\x80\
\x0d\x3f\xde\xce\xce\xf5\xcf\x91\x9d\xb9\x5b\xe6\xf0\x8a\x41\xce\
\x80\x50\xda\xf7\x7c\x86\xa0\x60\xc3\x5b\x3e\x14\xc5\x56\xf6\x1d\
\x84\x07\x5f\x80\x7a\x57\xc3\x8c\xbf\xc3\x21\xe3\x6d\x0e\xcc\x13\
\xe2\x06\xe7\x85\x55\x3a\x82\x03\x61\xd2\x50\x27\xdb\x3f\x08\x66\
\xf5\x9b\x41\x8c\xee\xef\x24\xc0\xe9\xf5\x68\x6c\xb5\x0c\x60\xa7\
\x04\xa0\x11\xd0\xdb\x2b\x23\xeb\x3a\x99\x69\x9b\xd8\xbe\xfa\xcf\
\x6c\x5b\xf5\x08\x19\xc9\xab\xd1\x75\x1b\x6e\xc1\xf5\x43\xa1\xe1\
\x75\x68\xd7\xf3\x6f\x38\x03\x6c\xb7\x41\x57\x51\x0c\xcb\xce\x11\
\x55\xf7\x9a\x0f\x14\x1b\x07\xd7\x6d\x35\x3b\x22\x0f\x85\x5c\xbe\
\xa7\x72\xef\x0e\x0e\xbe\x7c\x2e\x90\xbd\x9f\x06\xf3\xc8\xad\x01\
\x44\x47\x78\x2d\x92\x5e\xd8\xa8\x43\xa0\x9d\x12\x00\x29\x9d\xff\
\xca\x73\xea\xc4\x1e\x76\x6f\x7e\x99\x0d\x4b\xa6\x90\x14\xff\x29\
\x25\xc5\x39\xde\xbe\xa4\x52\x8e\xa8\xea\xad\xe8\xd8\xe7\x25\x55\
\x1f\x40\x51\x2e\xa1\xd4\x25\x8e\x0e\xf6\xbe\x15\xae\xbc\x51\xec\
\x19\x28\xf0\xa3\x22\x8f\x5a\x78\xc5\x1e\xb8\x9a\xd4\xd1\x98\x39\
\x2d\x80\x94\x6f\x43\xf8\xe8\x2f\x81\xb4\x6f\x22\xfd\x96\xa0\x21\
\xa9\xca\xac\x15\xd8\x29\x01\xf0\xe9\xd4\x4c\x71\xe1\x09\x0e\xed\
\xf9\x8c\x8d\x4b\xa6\xb0\x7f\xfb\xdb\xe4\xe7\x26\xfb\xf2\xf2\xca\
\x79\x22\xa3\x9b\xd3\xa9\xdf\x4c\xb5\x27\x40\x51\xca\xb1\x6d\xb7\
\x38\x35\xd0\xa4\x3f\x3c\xf3\x3a\xa4\xf9\xc3\x16\xa7\x40\x37\x04\
\x54\xbc\x58\x77\x48\x90\x58\x1e\xd8\xf1\x61\x30\x4b\x5e\x09\xe2\
\x86\x9e\x0e\x99\x25\x95\x6d\xb3\x0c\x60\x97\x04\x40\x4a\xe7\x3f\
\x4f\xb8\x5c\x85\xa4\x1c\x5c\xc4\xe6\x65\xf7\xf0\xfb\x2f\xcf\x70\
\xf2\xd8\xaf\x98\xd1\x59\x4c\x81\xb0\x88\xfa\x5c\xd9\xff\xdf\xea\
\x74\x80\x62\x3a\xa7\x03\x6e\xee\x0c\xff\xba\x45\xa3\x5d\x5d\xb3\
\xa3\xb9\xb8\xf4\xe3\xf0\xfc\x1b\xa2\xca\xe0\x6d\x8f\xc0\xe6\xdf\
\xcc\x8e\xa8\x1c\x61\x95\x5f\x76\xd5\x34\x18\x72\x95\x83\x85\xff\
\x08\x62\xf5\x1b\x52\xf6\x87\x03\xb4\x05\x3a\xcb\x1a\xcc\x4c\x76\
\x49\x00\x2c\x90\x91\xe9\x9c\x48\xdf\xc2\x6f\xeb\x9e\x66\xf3\xf2\
\x69\xa4\x26\x2d\xc1\xed\xf2\x8f\x56\x57\x76\xe2\x0c\x08\xa5\x4d\
\xd7\x47\x69\xd7\xe3\x69\x82\x43\x6b\x99\x1d\x8e\x52\xc5\xd4\x08\
\x87\xc7\x86\x40\xc2\x0b\x1a\xf3\xee\xd6\x78\x78\x10\xfc\xfe\xb4\
\xc6\x8f\x33\x34\x86\x75\x00\x87\x65\x0a\xdb\x9d\x51\x5c\x02\x9f\
\xcc\x87\x6e\xa3\xe0\xea\xd1\xa2\x4b\x5f\x49\xa9\xd9\x51\x5d\x48\
\x0b\x35\xb6\xef\xea\xea\xf6\x0e\x3a\x35\x97\x76\xcb\x93\x52\x6f\
\xc6\x6c\xde\xdf\x33\xe9\x7d\x0e\xe0\x03\x44\xa5\x26\x4b\x28\x29\
\xce\x26\x33\x6d\x13\xa9\x07\x17\x53\x5a\x9a\x4f\x58\x44\x7d\x02\
\x02\xd5\x26\x35\x5f\x0a\x8b\xac\x4f\xdd\x26\x37\x10\x10\x18\x46\
\x6e\x56\xa2\xb5\x6a\x3a\x44\x54\x47\xbb\x6e\x9a\xf7\xaf\xf3\xfb\
\xcf\xb0\xd7\xd8\xa1\x70\xad\x75\x4f\xb4\x0e\xde\x9f\x51\xd1\x17\
\xbf\x03\x79\xfe\xdb\xf1\xa6\x43\x3d\x78\xe1\x26\x8d\x0f\x27\x6b\
\x5c\xdf\x5e\x23\x3a\xf4\xcc\x9f\x69\x1a\x34\x8b\x81\xf1\xdd\x34\
\xc6\x77\xd3\xd0\x34\xd8\x9d\x0a\xc5\x16\xbc\xc9\x26\xa7\xc1\xbc\
\x25\xf0\xc1\xd7\x50\x58\x0c\x6d\x9a\x43\x58\x68\xf9\xef\xf3\x09\
\x07\x50\xe4\x00\x97\xe7\x59\x54\x6e\xa1\xce\xb2\xcd\x97\xdf\x50\
\x58\x41\x8d\x80\xd7\xf1\xf3\xe9\x5e\x3b\x24\x00\x03\x80\xfb\xcd\
\x0e\xe2\x62\xdc\xae\x22\xb2\x33\x77\x71\x34\x71\x21\xf9\xb9\xc9\
\x84\x84\xc6\x10\x1c\x6a\xab\x3a\x12\x96\xa6\x39\x9c\x54\xab\xd9\
\x96\x7a\xcd\x6e\x24\x34\xbc\x36\x25\x85\x59\x14\x15\x9e\x30\x3b\
\x2c\x95\x00\x5c\x84\x3f\x26\x00\x4e\x07\xdc\xd4\x11\xde\x1e\xa7\
\xf1\xcf\x51\x1a\x5d\x1a\x42\x60\x39\x9f\xa8\x35\xc3\xe1\xba\x76\
\x1a\xf7\xf5\xd7\xa8\x1d\xa5\xb1\xff\x18\x9c\xb4\x60\x29\xdf\x9c\
\x3c\x51\x50\xe8\x8d\x8f\x21\x29\x19\x1a\xd7\x17\xe5\x79\xcd\xa6\
\xe9\x9a\x48\x02\x3c\xd4\xb8\xb6\xc6\xeb\xf3\x5c\xe8\xc6\x6f\xdb\
\x91\xc0\x6a\xe0\xa0\xe1\x91\x4c\x64\x87\x04\xe0\x29\xac\xbe\x1e\
\xa3\xbb\xc9\x3b\x95\x44\x6a\xd2\x52\xb2\x32\xb6\xe3\x0c\x08\x23\
\x2c\xb2\x9e\xea\x34\xe8\x23\x9a\xc3\x49\x44\x74\x33\xea\x34\x1e\
\x4a\x9d\x46\x83\x09\x89\xa8\x8d\x33\x20\x94\xd2\xe2\x53\xb8\x5c\
\x26\x6c\x85\x56\x09\xc0\x05\xfc\x29\x01\xa8\x1e\x06\xf7\xf7\x87\
\x4f\xee\xd0\xb8\xa7\xaf\x46\x13\x0f\x6e\x8c\xc1\x01\xd0\xa3\x09\
\xdc\x3f\x40\xa3\x6b\x23\x8d\x63\x39\x70\xf0\xb8\xf4\x50\x0d\x2b\
\x75\x89\x4d\x83\xef\x7e\x06\xab\x36\x42\xb5\x48\x68\xd9\x18\x99\
\x1b\xea\x2a\x27\x40\x87\x5c\xcf\x6b\x01\x47\x86\x69\xac\xfd\xcd\
\x4d\x62\xaa\x94\x07\x77\x37\x30\x5f\xc6\x40\x66\xb1\x5e\xd3\xc5\
\xca\x91\xd6\xf9\xcf\x57\xb2\x33\x77\x93\x9d\xb9\x9b\xa0\x90\x1a\
\xd4\x69\x7c\x2d\xf5\x9b\xdd\x48\x40\x50\xa4\xd9\x61\x55\x19\xc1\
\x61\x31\xd4\x88\xeb\x4a\x51\xc1\x71\x4e\x1e\xdb\x66\x76\x38\x8a\
\x1f\x69\x19\x07\xd3\xfa\x69\xdc\xd9\x0b\xc2\x83\xe5\x8c\xe9\xd0\
\x60\xf8\x15\x30\xfc\x0a\x8d\x7d\xe9\xf0\xd6\x2a\x9d\xff\xae\x83\
\x3c\x0b\xad\x58\x95\x59\xb9\x51\xbc\xea\xc6\xc2\x5d\x63\x61\xfa\
\x24\xa8\xe1\xeb\x1a\x5c\x0e\x1d\x82\xdd\x86\x66\x01\xc6\x0f\x76\
\xb2\x7c\xab\x94\x65\x80\x51\xc0\x34\xc0\x6f\xeb\x2d\xfa\xfb\x23\
\xe8\x70\x24\x74\xfe\x33\x43\xd9\x31\xc2\x0d\x4b\x6f\x67\xdf\xb6\
\x37\xc8\xcf\x39\x6c\x76\x48\xb6\x97\x9d\xb9\x8b\xdd\x9b\x5e\x62\
\xf3\xb2\xa9\x1c\xd9\x37\x8f\xd2\x92\x5c\xb3\x43\x52\x2c\xce\xa1\
\xc1\xa0\x36\xb0\x60\x9a\xc6\x9e\x67\x35\x66\x0c\x94\x77\xf3\x3f\
\x5f\xcb\x38\x78\x7d\x8c\xc6\xd1\x7f\x68\xbc\x36\x46\xa3\x51\x0d\
\xef\x5c\xc7\xa8\x94\x63\xf0\xdc\x2c\xa8\xd7\x0b\x26\x3d\x0a\x3b\
\xf7\xf9\xf6\xfa\xe7\x97\x06\xae\xac\x9b\xfb\x39\x09\x0b\x91\x12\
\x8a\xdf\x77\x08\xf4\xf7\x19\x00\x0b\xec\xfe\x37\xc6\x55\x5a\x40\
\x6a\xd2\x12\x52\x0f\x2d\xa5\x7a\x4c\x47\xea\x35\xbb\x91\x9a\xb5\
\xbb\xe1\x83\x9a\x46\x55\x82\xab\xb4\x80\x63\xc9\xab\x38\x9a\xb0\
\x80\xbc\x53\x87\xcc\x0e\x47\xf1\x13\x51\x21\x30\xf6\x2a\x78\xe8\
\x1a\x8d\xd6\xb5\x7d\x7b\xed\x6a\xa1\x30\x63\x20\x3c\x30\x40\x63\
\xd1\xef\x30\xeb\x67\x9d\xe5\xf1\xbe\x8d\xa1\x22\x0a\x8b\x60\xee\
\x77\xe2\xd5\xab\x0b\xcc\x98\x02\xa3\x86\x80\xd3\xdb\x0b\xcb\xa1\
\x2e\xc8\x0a\xf4\x78\xfb\x5d\x64\x18\xdc\xd8\xcb\xc9\x17\x3f\x49\
\xa9\xe6\x3a\x01\xf8\x5a\xc6\x40\x66\xf0\xe7\x04\xa0\x3a\xa2\x3b\
\x93\x3d\xe8\x3a\x27\x8f\x6d\xe7\xe4\xb1\xed\x84\x46\xd4\xa3\x5e\
\xd3\x1b\xa8\xd3\xf8\x5a\x1c\x4e\x2f\x3d\x6e\xd8\x5c\x61\x5e\x1a\
\x29\x49\x8b\x49\x4d\x5a\x4a\xa9\xaa\xd6\xa8\x54\x50\x8b\x58\xb8\
\xaf\xbf\xc6\x9f\x7a\x41\x84\xc9\xbf\x7a\x67\x2f\x0f\xfc\x7a\x18\
\x66\xaf\xd1\xf9\x78\x03\x14\x96\x98\x1b\xd7\xc5\xac\xdb\x2a\x5e\
\xcd\x1a\xc2\x5d\xb7\xc2\xdd\xe3\x20\xda\x5b\xe7\xb2\xca\x3a\x04\
\x16\x78\x9e\x69\x8c\x1f\x24\x2d\x01\xb8\x1e\xd1\x21\x30\x53\xc6\
\x60\xbe\xe6\xcf\x4b\x00\x63\x00\x5b\xde\x1d\x0b\x72\x8f\x72\xe0\
\xb7\xf7\xd8\xb0\xf4\x76\x12\x77\x7d\x48\x51\x81\x3f\x94\xea\xb2\
\x86\xb2\x69\xfe\x4d\xcb\xee\x12\xd3\xfc\xea\xe6\xaf\x94\xe3\xec\
\x69\xfe\xbd\xcf\x89\x69\x7e\xb3\x6f\xfe\xe7\xbb\xb2\x21\xcc\x9e\
\xa0\x91\xf4\x7f\x1a\xff\x18\xa9\x51\xcf\xa2\x0b\x9f\x09\x87\xe1\
\x89\x99\xd0\xb0\x8f\xa8\x36\x18\x9f\xe0\x9d\xeb\x18\x5d\x06\xb8\
\xb6\xbb\x83\xb8\xea\x52\x66\x59\x03\x81\x5b\x64\x0c\x64\x06\x7f\
\x3e\x05\xf0\x6f\xc4\x59\x4c\x43\xae\xed\x0b\x57\xb6\x83\xbd\x89\
\xe0\xb6\xd8\x89\x4e\xb7\xab\x88\x53\x99\xbb\x39\x9a\xf8\x3d\x05\
\x79\x29\x04\x87\xc5\x12\x1c\x62\xd1\x85\x41\x13\xb9\x5c\x85\xa4\
\x1d\xfa\x91\x3d\x5b\x5f\xe5\xc8\xfe\x79\xa7\xf7\x53\x58\xec\x1f\
\xf3\x6c\xea\x14\xc0\x05\xcc\x38\x05\x10\x15\x02\xf7\xf4\x85\xb9\
\x77\x68\x3c\x38\x50\xa3\x55\x9c\x38\xb3\x6f\x65\x11\xc1\xd0\xbb\
\xb9\x98\xa5\x68\x1e\xa3\x71\xe8\x04\xa4\x9d\x32\x3b\xaa\x0b\x15\
\x97\xc0\xd6\x9d\xf0\xce\x67\xf0\xeb\x4e\x88\xad\x09\x4d\xea\x4b\
\xfc\xfe\x06\xe8\x90\xe7\x04\xdd\xb3\x01\x1d\x0e\x38\x9c\xae\xb3\
\x29\x5e\xca\xe7\x44\x34\xf0\xa1\x8c\x81\x7c\xcd\x5f\x97\x00\x1a\
\x22\xba\x32\x19\xf6\xd8\x54\x18\xd0\x43\xd4\xc3\x7e\xf7\x73\x78\
\x6b\x2e\x1c\x3f\x29\x63\x64\x79\x74\x77\x29\xe9\x87\x57\x90\x7e\
\x78\x05\x91\xd1\xcd\xa9\xd7\xec\x46\x62\x1b\xf4\x47\xd3\xfc\x39\
\x7f\x33\xae\x30\x3f\x9d\x94\x83\x3f\xa8\x69\x7e\xa5\x52\x9a\xc7\
\xc0\x9d\xbd\x35\xee\xee\x03\xd1\x7e\x5a\x9f\x2b\x38\x00\x26\xf7\
\x84\xc9\x3d\x35\xb6\x1e\x86\xd7\x7f\xd2\xf9\x7c\x33\x94\x4a\xd9\
\xdc\x2e\x8f\xdb\x0d\x0b\x7e\x12\xaf\x96\x4d\x60\xda\x04\xb8\xf3\
\x56\x08\x97\x51\x5c\x28\xd4\x2d\x92\x00\x0f\x8d\x1f\xec\xe4\xcd\
\xff\x49\x59\x06\x28\xeb\x10\xe8\x77\x35\x01\x2c\x9e\xef\x5e\xd2\
\x93\xc0\x8b\x46\x07\xa9\x17\x07\x87\x56\x9f\xbb\x69\xa5\xa8\x58\
\x94\xc2\xfc\xd7\x7f\xe1\xb7\x3d\x46\xaf\xe0\x3d\x21\x61\x71\xd4\
\x6d\x72\x3d\x75\x1a\x0f\xad\x72\xc7\x08\xb3\x33\x77\x71\x34\x61\
\x01\xc7\x53\xd6\xfb\x67\x5b\xe6\xb8\x26\x38\x66\xfd\xee\xf5\xcb\
\xe8\x9f\xfd\x0d\x7d\xfe\xab\x86\xc6\xd0\x6e\x7a\x18\x6d\xfc\xf3\
\x92\x22\xba\x34\xf7\xf4\x0e\x90\xee\xbd\xcf\x4f\x4d\x83\x6b\x5a\
\xc3\xd4\xde\x1a\xa3\x3a\x8b\x22\x3e\x76\x93\x9a\x2d\xf6\x09\xbc\
\xf9\x33\x64\xe6\x99\x1d\xcd\xa5\x55\x8b\x84\xc9\xa3\xe0\xe1\x3b\
\xa0\x51\x3d\x03\x03\x15\x39\xd0\x8f\x1b\xab\xef\xdf\x7a\x62\x11\
\xfb\x8e\x48\x99\x05\xf8\x0b\xf0\x92\x8c\x81\x7c\xc9\x5f\x7f\x0d\
\xc6\xcb\x18\x64\xe2\x88\x0b\x77\xac\x06\x07\xc1\xa4\x91\xb0\xe3\
\x7b\x58\xf3\x05\x8c\xbe\x0e\x02\x2c\xf8\xa0\x5d\x98\x9f\x4e\xe2\
\xae\x0f\xcf\x3a\x46\x78\xc4\xec\x90\xbc\xca\xed\x2e\x21\xfd\xf0\
\x4f\x6c\xf9\xe9\x3e\xb6\xaf\x7e\x8c\x8c\xa3\x6b\xfd\xf3\xe6\xaf\
\xf8\x54\x64\x08\x4c\xed\x03\x3b\xff\xa6\xb1\x6c\x86\xc6\xe8\x2e\
\xf6\xbc\xf9\x03\xd4\xa9\x06\xcf\x0e\xd3\x48\xfe\x87\xc6\x9c\x29\
\x1a\xed\x2d\xda\x84\x28\x3b\x07\x66\xcd\x81\xa6\x03\x60\xf8\x54\
\x58\xbe\xce\xc3\x81\x82\xdd\xe0\x34\x76\xf3\x1e\x7b\x8d\xb4\x0f\
\xf7\xdb\x64\x0d\xe4\x4b\xfe\x38\x03\xd0\x09\x90\x52\xc1\xe5\xb7\
\x45\xd0\xa1\x55\xf9\x5f\x77\x30\x19\x66\x7f\x0e\xff\xf9\x12\x4e\
\x58\xb5\x58\x99\xa6\xd9\xf2\x18\x61\x71\xe1\x09\x52\x0e\x2e\x26\
\x25\x71\x21\x25\x76\x99\xe6\x57\x33\x00\x17\x90\x3d\x03\xd0\x2c\
\x06\xee\xea\xad\x31\xb5\x8f\xa8\xdc\x57\x55\xad\x3d\x20\x8e\x11\
\xfe\x6f\x1b\xb8\x2c\xb6\x3c\x70\xb6\xce\x6d\xe1\x9e\xf1\x70\xdb\
\x08\x08\xad\xc4\x19\x7d\x3d\x3b\xc0\x50\x65\xc0\x84\x14\x9d\x96\
\xe3\x8b\x64\x94\x06\x06\x51\x91\x76\xbb\x94\x91\x7c\xc4\x1f\xf7\
\x00\x48\x39\xfb\xdf\xb1\x4d\xc5\x6e\xfe\x20\x36\xaf\xfc\xe3\xcf\
\xf0\xd4\x7d\xf0\xd9\x02\x91\xbd\xee\xda\x2f\x23\x0a\x89\xce\x3a\
\x46\x18\x16\x51\x9f\xba\x4d\xaf\xa7\x4e\xe3\xeb\x70\x38\xa5\xb5\
\xc0\xf4\x29\xbf\x9f\xe6\x57\x4c\xd1\xab\x19\xcc\x18\x68\xdf\x69\
\xfe\xca\xea\xdd\x1c\x7a\x37\xd7\x48\xc8\x80\xff\xac\xd5\x99\xbd\
\x06\xb2\x2c\xd8\x7b\x60\xdb\x6e\x71\x6a\xe0\xe9\x7f\xc3\xed\xb7\
\xc0\x7d\x13\xa1\x41\x9d\xf2\xdf\xa7\x85\xbb\xd0\x0d\x24\x00\xcd\
\xea\x6a\x74\x6f\xe3\x60\xc3\x6e\x29\xd9\xd1\x04\xfc\x2c\x01\xb0\
\xe0\xe4\xf6\x65\x49\xeb\xfc\xf7\xe8\x9d\x70\xf5\x95\x95\x7b\x4f\
\x50\x20\x74\x69\x0f\xf7\x4e\x80\x1e\x9d\x21\xf3\xa4\x38\xf6\x62\
\x35\x25\xc5\xa7\x38\x91\xbe\x95\xd4\xa4\xa5\xb8\x4a\x0b\x08\x8b\
\x6c\x80\x33\xc0\x2a\x2d\xbd\x2e\xcd\xed\x2a\x26\xed\xf0\x72\xf6\
\xfe\xfa\x1a\x47\xf6\x7d\x6d\xfd\xdd\xfc\x9e\x52\xa7\x00\x2e\x20\
\xe3\x14\xc0\xa2\xfb\x35\x5e\x1a\xa9\xd1\xae\xae\x35\xdb\xee\x9a\
\xa9\x46\x38\x0c\x6a\xa3\x71\x6f\x5f\x8d\x58\x0b\x37\x21\xca\x2b\
\x10\xf5\x04\xde\xfa\x04\xf6\x1e\x84\xfa\xb5\xa1\xde\xe5\x0a\x31\
\x39\x80\x42\x27\xb8\x3d\xff\x07\x2f\x2c\x81\xc5\x1b\xa4\x75\x08\
\x7c\x0d\x3f\xfa\xd0\xf2\xb7\x1c\xb9\x3f\x60\x64\xdb\x08\x20\x8e\
\x80\x8c\x35\x50\xc0\x51\xd3\xc4\xf1\xc1\xc5\x1f\xc0\xbe\xe5\xf0\
\xf8\xdd\x5e\x2c\x7a\x61\x40\x49\x51\x16\x87\xf6\x7c\xce\x86\xa5\
\x53\xd8\xbd\xe9\x25\x4e\x9d\xb0\xe6\xae\xc6\xe2\xc2\x13\x24\xc5\
\x7f\xca\x86\x25\x93\xd9\xb7\x6d\x16\x79\xd9\xd6\xdb\x4c\x1b\x14\
\x28\xf6\x83\xac\xfb\x0a\xa2\x22\xcc\x8e\x46\xb9\x98\x38\x0b\xfe\
\x0e\x5a\x4d\xb5\x50\x78\xe8\x1a\xd8\xff\x77\xb1\x27\x62\x58\x07\
\x6b\x1e\x7d\x2c\x2e\x81\x4f\xe7\x43\xf7\x9b\xa1\xeb\x08\xf8\xf8\
\x5b\x28\xb9\x44\xfb\x64\xa3\x35\x01\xc6\x0c\x70\x10\x28\x67\x2e\
\xbc\x1e\xe2\x1e\xe5\x37\xfc\x2d\x01\x90\x32\xfd\x3f\xb0\xa7\xc8\
\x2c\x65\x68\xde\x48\x2c\x0f\x1c\x5a\x0d\xb3\x5f\x80\xd6\xcd\xe4\
\x8c\x2b\x93\xee\x2e\x25\xe3\xe8\x5a\xb6\xad\x7a\x84\x5f\x7f\x9e\
\x41\xfa\xe1\x9f\x2c\x31\xad\x9e\x93\x75\x80\x3d\x5b\xff\xc5\x86\
\x25\x53\x38\xb4\xe7\x33\x4a\x8a\xad\x77\xa0\x39\xb6\xa6\x48\xf0\
\x12\x7e\x86\xaf\xde\xa8\xfc\xac\x91\xe2\x3b\x92\xd6\x71\xab\x84\
\xb2\xe2\x47\x0b\xef\xd3\x88\x7f\x56\x63\xfa\x40\x08\xb3\xe8\x6a\
\xe1\xd6\x9d\x30\xf9\xcf\xa2\xb8\xd0\xb3\xb3\x20\xe3\xfc\x8e\xde\
\x61\x2e\x43\x5b\x9e\x62\xa2\x35\x86\x76\x93\x76\x2b\xf4\xab\xf2\
\xf4\xfe\x94\x00\x48\xeb\xfc\x37\xe1\x46\x19\xa3\x9c\x2b\x2a\x02\
\xa6\x8e\x85\x5d\x8b\x61\xd9\x1c\x18\x36\xd0\x9a\x99\xb5\xb8\xe9\
\xbe\xca\xa6\x1f\xef\x32\xa5\x21\x8e\xdb\x5d\x22\x92\x91\x95\x0f\
\x9f\x4e\x46\x56\x58\x22\x19\x39\x5f\xa7\x36\x22\xa1\x4b\x5a\x25\
\x12\x3c\x59\x09\xa3\xa2\x58\x4d\xab\xd3\x4d\x88\x52\x5e\x16\x4d\
\x88\x1a\x5a\xb4\xd6\x58\x5a\x86\x68\x42\xd4\xa0\x37\x8c\x79\x00\
\x36\xee\x38\xfd\x07\x0e\x1d\x82\x8c\x4d\xe1\x8f\x1f\x24\x6d\x35\
\xfc\x16\xc0\xfa\xeb\xad\xa7\xf9\xd3\x26\x40\x29\x9d\xff\x42\x82\
\x61\xe4\x10\x09\xd1\x5c\x82\xc3\x01\x83\x7a\x89\xd7\xde\x44\x78\
\xfb\x53\x78\xff\x2b\xc8\xb7\x58\xc3\xc8\xb2\x63\x84\x87\xf6\x7e\
\x41\x6c\xfd\x7e\xd4\x6f\x3e\x92\xb0\xc8\xfa\x5e\xbb\xde\x1f\xbb\
\xf9\x0f\x2e\xa2\xa4\x28\xdb\x6b\xd7\x31\xc2\xe1\x80\xeb\xfb\xc3\
\x8c\xc9\xe2\xdf\x4f\xf1\x2f\x6a\x06\xc0\x18\x7f\x69\x42\x54\x54\
\x0c\x5f\x2f\x16\xaf\x2e\xed\x61\xfa\x64\x18\x3f\xc8\x85\xd3\x40\
\x8b\xe0\x11\x7d\x9c\x54\x0b\x2f\x21\xdb\x78\xfd\x84\x28\xe0\x06\
\x60\x9e\xe1\x91\x7c\xc0\x9f\x66\x00\xa4\x4c\xad\x8c\x18\x2c\x0a\
\x51\xf8\x42\xab\xa6\xf0\xfa\xd3\x90\xf2\x0b\xbc\xf6\x14\x34\xb4\
\xe0\xb9\xdc\xb2\x6e\x84\x9b\x7f\xba\x87\xdf\xd6\xfd\x95\xcc\xb4\
\x8d\xc8\xdc\xc3\xf2\xc7\x34\xff\xd2\xdb\xc5\x34\xbf\x05\x6f\xfe\
\x51\x11\xe2\x43\x24\x61\x05\x2c\x7c\x4f\xdd\xfc\xfd\x95\xba\xff\
\xcb\x51\xd6\x84\x68\xd9\x0c\x8d\xad\x7f\x11\x47\x29\x43\x02\xcd\
\x8e\xea\xe2\xca\x96\x07\x1a\x0d\x75\xf1\xec\x47\xa5\x64\x9e\xf2\
\xec\xa7\x20\x24\x08\x46\xf6\x95\x36\x0b\xe0\x37\xcb\x00\xfe\x92\
\x00\x48\xeb\xfc\xe7\x8d\xe9\xff\xf2\x54\x8b\x14\xad\x32\x0f\xae\
\x84\x05\x56\xbd\xc1\x9c\x3e\x46\xb8\x73\xfd\xf3\x6c\x5d\x31\x9d\
\xd4\xa4\x25\xb8\x5d\xc5\x9e\x0d\x75\xc1\x9e\x83\x15\xe8\xee\x4b\
\xec\xe0\x31\x51\xf3\x46\x22\x31\x3b\xfa\x8b\x48\xd4\x1a\x7b\x6f\
\x02\x44\xf1\x01\x35\x03\x20\x9f\xbf\x34\x21\x4a\x39\x06\xcf\x7f\
\x58\x4a\x83\x9b\x8b\x98\xfc\x7f\x25\xec\x3c\x58\xf9\x1f\x86\xf1\
\x83\xa5\x25\x00\x65\x1d\x02\x2d\xcf\x5f\x12\x00\x29\x9d\xff\x62\
\x6a\xc0\xd0\xbe\x12\xa2\xf1\x90\xc3\x01\xc3\x07\x8a\x3d\x02\x5b\
\xe7\x8b\x3d\x03\x95\x29\x7a\xe1\x2b\xb9\xd9\x89\xec\xdb\xf6\xc6\
\x59\xdd\x08\x2b\xd6\xe9\xb2\xb8\xf0\x24\x47\xf6\xcd\x63\xe3\x8f\
\x77\x58\xfa\xd4\x41\xaf\x2e\x22\x11\xdb\xb7\x5c\x24\x66\x11\x55\
\xb8\x50\x8c\xa2\x54\x44\x5c\x14\x3c\x3e\x14\x12\x5f\xd0\xf8\xea\
\x2e\x8d\x1e\x4d\xcc\x8e\xe8\xe2\x0a\x8b\x61\xee\x8f\x2e\xae\x98\
\x52\x44\x9f\xfb\x8b\xf9\x7a\xa5\xab\xc2\x05\x90\x06\x76\x76\x50\
\x3f\x46\xca\xc6\xad\x20\xe0\x66\x19\x03\x79\x9b\xbf\x24\x00\x52\
\xa6\x54\x6e\xbd\x01\x59\xc7\x3d\x0c\xbb\xb2\x9d\xf5\x37\x99\x95\
\x14\x65\x9d\x73\x43\xcf\x39\xb9\xef\xa2\x5f\x77\x66\x9a\x7f\x4a\
\xa5\x12\x06\x5f\x0a\x09\x16\x55\xc6\x76\x2e\x86\xb5\x5f\x8a\x44\
\xcc\x8a\x9b\x34\x15\xcf\xa9\x09\x00\xef\x0b\x0a\x80\xd1\x5d\x60\
\xfd\xe3\x1a\x5b\xfe\xa2\x71\x5b\x77\x08\xb0\xe8\x5d\x64\xdd\xef\
\x6e\x6e\x7d\xa6\x84\xd6\x13\x8a\x78\xf9\xb3\x52\x4e\xe6\x5c\xfe\
\x27\xc4\xe1\x90\x5a\x1a\xd8\x2f\x96\x01\x2c\xfa\x4f\x77\x0e\x69\
\x9d\xff\x26\xdc\x24\x63\x14\xb9\xce\x3f\x66\xd6\xb3\xb3\xd9\x11\
\x5d\xa8\x6c\x4a\xff\xd7\x95\x0f\xb1\x7d\xf5\x9f\xc9\x38\xba\x16\
\xb7\xab\xf8\xf4\x34\xff\xa3\x96\x9e\xe6\xaf\x1b\x0b\xcf\x4c\x87\
\xa3\xeb\xe0\xe3\x57\xa0\x5d\x0b\xb3\x23\x52\xbc\x45\x2d\x01\xf8\
\x56\x97\x86\xf0\xf1\xed\x1a\x87\x5e\xd4\x78\x66\x18\xd4\x0c\x37\
\x3b\xa2\x8b\x4b\x48\xd1\x79\x72\x76\x29\x8d\xc7\x14\x71\xcf\x2b\
\x25\xc4\x1f\xba\xf4\x0f\xca\xf8\xc1\xd2\x6e\x89\x7d\x80\xc6\xb2\
\x06\xf3\x16\x8b\x3c\x0f\x5f\xd6\x04\x24\x24\x2a\xcd\x1b\x41\xf7\
\x8e\x12\xa2\xf1\x92\xb2\x42\x33\xa3\xaf\x13\x95\xb0\x5e\xff\x08\
\xbe\xfd\x11\x4a\x2d\x76\x42\x2e\x3b\x73\x37\xd9\x99\xbb\xd1\x1c\
\x01\x96\xbc\xe1\x97\xe9\x7b\x95\xd8\xd8\x37\x62\xf0\x85\x0d\x9f\
\x14\x7b\x52\x09\x80\x39\xea\x46\x8b\x26\x44\x7f\x1e\x0c\x1f\x6f\
\x10\xa7\x07\xf6\xa4\x99\x1d\xd5\x85\x72\xf2\xe1\xbd\x85\x2e\xde\
\x5f\xe4\xe2\x86\x1e\x0e\x1e\xb8\x25\x80\x6b\xae\x74\x9c\x33\x13\
\xd8\xa9\xb9\x83\xf6\x4d\x34\x8f\xf6\x10\x9c\x47\x03\xc6\x61\xf1\
\x0e\x81\xfe\x30\x03\x20\xa7\xf3\xdf\x4d\xfe\x33\xe5\xdb\xab\x8b\
\x98\x0d\x38\xbc\x46\x3c\xbd\xd6\xaa\x6e\x76\x44\x17\xb2\xe2\xcd\
\xbf\x2c\x89\x5a\x3f\x0f\x56\x7d\x0e\x37\x5f\xab\x6e\xfe\x8a\xe2\
\x2b\xe1\xc1\x70\x6f\x3f\x88\x7f\x56\x63\xcd\xa3\xd6\xed\xbc\xe8\
\x76\xc3\xc2\x5f\xdc\x0c\x79\xb8\x98\x36\xb7\x15\xf1\xfa\x3c\x17\
\x79\x85\x67\xfe\x5c\xe2\x66\x40\xcb\x77\x08\xb4\xe0\x3f\xcf\x39\
\x3a\x01\xed\x65\x0c\x34\x6e\xb8\x8c\x51\x7c\xab\x4e\x2c\x3c\x3b\
\x1d\x92\xd7\xc1\x9c\x99\x70\x45\x6b\xb3\x23\xb2\xa6\xb8\x5a\x62\
\x19\x25\x71\xa5\x48\x9c\x7a\x74\x32\x3b\x22\xc5\x0c\x6a\x02\xc0\
\x3a\x7a\x37\x87\xaf\xee\xd2\xd8\xf3\x9c\xc6\xe3\x43\x21\xda\xa2\
\x1b\x6d\xf7\x1d\xd1\x79\xe8\x8d\x12\xea\x8f\x2a\xe4\xc1\x59\x25\
\x24\xa5\xe9\xdc\x36\xd4\x89\x43\xce\x9d\xb1\x0d\x60\xe1\x79\x67\
\xeb\x27\x00\x52\x36\x52\xf4\xe8\x04\x2d\x2d\xba\x6b\xb5\x22\x82\
\x83\x60\xd2\x48\xd8\xf1\x3d\xfc\x34\x17\x6e\x1a\x84\xac\x1f\x50\
\xbf\xd6\xb5\x03\xcc\xfd\x97\x98\x29\xf9\xc7\x9f\xa1\x5e\x9c\xd9\
\x11\x29\x66\x52\x4b\x00\xd6\xd3\x3c\x06\xfe\x31\x52\x1c\x23\xfc\
\xd7\x2d\x1a\x4d\x6a\x99\x1d\xd1\xc5\x65\xe7\xc1\xac\x6f\x5c\xb4\
\x18\x57\xc4\x83\xb3\x4a\xa9\x5b\x53\xda\x74\xf1\x44\x59\x03\x79\
\x83\x95\x6f\x23\x0e\x60\xac\x8c\x81\x26\x8e\x90\x31\x8a\x35\x0c\
\xec\x09\xdf\xbd\x0b\xfb\x7f\x12\x4f\xbd\x35\x2c\x7a\x2e\xd7\x5b\
\x1c\x0e\x51\x66\x79\xd9\x1c\xd8\xfc\xad\x58\xda\x09\xb2\x68\x91\
\x12\x45\x51\x84\x6a\xa1\xf0\xf0\x20\x38\x60\xf1\x26\x44\x2e\x37\
\x7c\xb3\xca\x45\x72\x86\xb4\x6c\x72\x3c\x16\xee\xba\x6b\xe5\x04\
\xa0\x3f\x60\xb8\x34\x8b\xd3\x29\xd6\x85\xed\xa6\x69\x83\x33\x4d\
\x88\xde\x78\xc6\xbf\x67\x38\x2a\xa2\x46\xb4\x48\x78\x92\x56\xa9\
\x6a\x7d\xca\xc5\xb9\xd5\x0c\x80\xe5\x9d\xdd\x84\x68\xdb\x5f\x35\
\xee\xb8\xda\xba\x55\x06\x25\xa9\x0b\xf4\x33\x3b\x88\x4b\xb1\x72\
\x02\x20\x65\xfa\xdf\xe5\x82\x5e\x63\xc4\xae\x7a\xab\xd5\xe3\x97\
\x21\x22\x0c\xee\xbf\x0d\xf6\xfc\x68\xed\x26\x44\x9e\x6a\xd9\x44\
\x54\xeb\x2b\x9b\xe6\x6f\x50\xc7\xec\x88\x14\x45\x91\xa1\x63\x7d\
\xf8\xef\x24\x8d\x54\x8b\x37\x21\x92\x40\xca\x46\x76\x6f\xb0\x6a\
\x02\x20\xad\xf3\x1f\xc0\x81\x43\xf0\xe0\x0b\x50\xf7\x6a\x98\xf1\
\x77\x38\x92\x2a\x6b\x64\xeb\xd0\x34\xf1\x54\xbc\xf0\x74\x85\xbb\
\xe9\x93\xfd\xb7\xc2\x5d\x59\x43\xa5\x05\xef\x89\xc4\x66\xc6\x14\
\x08\xf7\x9b\xfe\x5a\x8a\xa2\x54\x46\x74\x98\x68\x42\x94\xf8\x82\
\xc6\x82\x69\x1a\x83\xda\x98\x1d\x91\x74\xa3\xb1\x68\x87\x40\xab\
\x26\x00\x52\x3a\xff\x9d\x2f\x3b\x07\x66\xcd\x81\xe6\x03\x45\x3b\
\xc9\x0d\xdb\x65\x5f\xc1\x1a\x9a\x37\x12\xb5\xed\x8f\xfe\x22\xaa\
\x0d\xb6\x6a\x6a\x76\x44\x15\x13\x11\x26\xca\x23\xff\xfe\x83\x98\
\xcd\x50\xd5\xfa\x94\xca\x50\x9b\x00\xfd\x9b\xd3\x71\xa6\x09\xd1\
\x16\x8b\x37\x21\xaa\xa4\xb2\x0e\x81\x96\x63\xd5\x04\xc0\xab\x65\
\x14\x8b\x4b\x44\x2b\xc9\x9e\xb7\x40\xd7\x11\xf0\xf1\xb7\xd6\x2b\
\xb8\x23\x43\x54\x84\xb8\xa1\xee\x5e\x62\xed\xe5\x81\xb2\xfd\x0c\
\x87\xd7\x88\x84\xa5\x6d\x73\xb3\x23\x52\xfc\x91\xba\xff\xdb\x47\
\x97\xd3\x4d\x88\x0e\x9e\x6e\x42\x54\xb7\x9a\xd9\x11\x19\x66\xc9\
\xd2\xc0\x56\x4c\x00\xa4\x75\xfe\xab\x88\xb2\x76\x92\xad\x06\xc1\
\xcb\xb3\x21\xeb\x94\xaf\xae\xec\x3b\x65\x53\xea\x0b\xdf\x83\xf8\
\xa5\x62\x79\x20\xcc\x02\x13\x52\x65\x05\x8f\xf6\x2e\x17\x1b\xfc\
\xaa\xfb\xff\x2f\xb9\x62\x22\x35\x03\x60\x3f\xb5\xcb\x9a\x10\xfd\
\x9f\xc6\x9c\x29\x1a\x1d\xfd\xb7\x63\xa7\x25\x3b\x04\x5a\x31\x01\
\x90\xd2\xf9\xaf\xb2\x12\x8f\xc0\x13\x33\xa1\x61\x1f\xb1\x4f\xe0\
\xd0\x51\x5f\x47\xe0\x1b\xad\x9a\x8a\xe5\x81\x94\x5f\xc4\xe6\xba\
\x86\x75\x7d\x7b\xfd\xe0\x20\xd1\x94\x67\xc7\xf7\xa2\x29\xcf\xe8\
\xeb\x20\xc0\xb2\x87\x64\x14\x45\xb1\x82\xe0\x00\x98\xd4\x03\xb6\
\x3f\x75\xa6\xca\xa0\x55\x9b\x10\x5d\x82\x25\x3b\x04\x5a\xf1\x5b\
\x68\xea\x54\x49\x4e\x9e\xd8\x27\xd0\x74\x00\x0c\x9f\x0a\xcb\xd7\
\x99\x19\x8d\xf7\x54\x8b\x14\x9b\xeb\x0e\xae\x14\x9b\xed\xbc\x7d\
\xac\xae\x76\x8c\x28\x6b\x9c\x7c\xba\x29\x8f\xaa\x6a\xa8\xc8\xa6\
\x26\x00\xaa\x86\xb2\x2a\x83\xfb\x9e\x17\x55\x06\x6b\x58\xb4\x09\
\xd1\x45\x58\x6e\x19\xc0\x6a\x09\x80\xb4\xce\x7f\x46\xb9\xdd\xf0\
\xfd\x0a\x18\x3c\xf9\xcc\x3e\x81\x12\xeb\x95\xbf\x37\xcc\xe1\x10\
\x9b\xed\x96\xcd\x81\xad\xf3\xc5\x9e\x81\x10\x89\xf3\x2f\x5d\xda\
\x8b\x32\xc6\x87\xd7\x88\xb2\xc6\x56\xec\x6b\xa0\xd8\x83\x5a\x02\
\xa8\x5a\x9a\xd4\x12\x55\x06\x0f\xbd\xa8\x31\x7b\x82\x46\x3b\x1f\
\xcf\x66\x7a\xc0\x72\x1d\x02\xad\x96\x00\x48\xe9\xfc\x27\x5b\xd9\
\x3e\x81\x46\x7d\xe1\xd9\x59\x70\x22\xcb\xec\x88\xbc\xe3\xca\x76\
\x62\x13\x5e\xd2\x2a\x63\xa5\x75\x9d\x4e\xb1\xe1\x70\xed\x97\xb0\
\xe5\x3b\x51\xc6\x38\xd0\x1f\xfa\x4e\x2a\x8a\xe2\x77\x22\x82\x61\
\x6a\x1f\xf8\xfd\x69\x6b\x57\x19\x44\x74\x08\x94\x52\xdd\x56\x16\
\xab\xdd\x6c\x2d\x5b\x30\x01\x20\xf5\x18\x3c\x37\x4b\x24\x02\x77\
\x3f\x05\xf1\x09\x66\x47\xe4\x1d\xe7\x37\xd7\xe9\xd9\xb9\x62\xef\
\x8b\x8e\x12\x1b\x0c\x13\x7f\x16\x1b\x0e\x7b\x75\xf1\x6a\x98\x8a\
\x72\x0e\x35\x03\x50\xb5\x69\x67\x55\x19\xdc\xf7\xbc\xc6\xf4\x81\
\x22\x39\xb0\x18\x4b\x75\x08\xb4\x52\x02\x20\xad\xf3\x9f\xb7\xe5\
\xe6\xc3\x7b\x5f\x40\xfb\xeb\x60\xc4\x3d\xb0\x72\xa3\xd9\x11\x79\
\x47\x59\x7b\xdd\x5f\xbe\x86\x35\x5f\x88\x27\xf9\xf3\xa7\xf0\x03\
\x03\x44\x7f\x82\xf7\x5f\x82\xd4\xf5\x62\x83\xa1\xaf\x37\x16\x2a\
\x0a\xa8\x3d\x00\xca\x19\xcd\x63\xe0\xf5\x31\x1a\x47\x5e\xd2\x98\
\x79\xb3\x46\x23\xeb\x2c\x3d\xb6\xc5\x42\x1d\x02\xad\x34\x31\x6b\
\xb9\x0d\x12\xe5\x71\xbb\x61\xfe\x72\xf1\xea\xdc\x16\x1e\xba\x03\
\x6e\xbd\xc1\x9e\xcd\x69\x7a\x77\x15\x2f\x97\x0b\x8e\xa6\x43\xfa\
\x71\x88\x08\x87\x46\x75\xad\x71\xa4\x50\x51\xd4\x0c\x80\x72\xbe\
\xe8\x30\x78\x74\x30\xcc\xe8\xa3\x31\x6f\xad\xce\x3b\x9b\x61\xcd\
\x21\xb3\xa3\x62\x02\xb0\xc3\xec\x20\xc0\x3a\x33\x00\x0e\x60\x9c\
\xd9\x41\x18\xb1\x6d\x37\x4c\x7a\x14\x1a\xf7\x83\xff\x7b\x1b\x8e\
\x9f\x34\x3b\x22\xef\x70\x3a\xc5\x13\xfe\x55\x57\x40\x9b\x66\xea\
\xe6\xaf\x58\x87\xba\xff\x2b\x97\x12\x18\x02\x23\x3a\xc0\x92\xdb\
\x60\xfd\x5d\x70\x5b\x47\x66\x1c\xc4\xa7\x00\x00\x20\x00\x49\x44\
\x41\x54\x08\x31\xef\xf1\x77\x1c\x16\xb9\xf7\x5a\x22\x08\x44\xe7\
\xbf\x7a\x66\x07\x21\x43\xea\x31\x78\xea\x55\xa8\xdf\x4b\x24\x04\
\x3b\xf7\x99\x1d\x91\xa2\x54\x0d\xd6\xdc\xf7\xa5\x58\x45\xc0\xe9\
\x87\x95\x2b\xe2\xe0\xdd\xe1\xb0\x77\x3a\xfc\x7d\x20\xd4\x8f\xf2\
\x79\x28\xf5\xb1\x48\x87\x40\xab\x24\x00\x7e\x37\xfd\x5f\x9e\xa2\
\x62\x98\xfb\x1d\x74\xb8\x1e\x7a\xdf\x0a\x0b\x57\xa8\x29\x4a\x45\
\x51\x14\xb3\x04\x84\x69\xe7\x64\x89\xb5\xc2\xe0\xe1\xab\x61\xe7\
\xfd\x30\xf7\x66\xe8\xd9\xc0\xa7\xe1\x58\xe2\x9e\x67\x85\x04\x40\
\x6a\xe7\x3f\x2b\x5a\xb7\x15\x6e\x9c\x0a\xad\x06\xdb\xb7\x2d\xb1\
\xa2\x28\x8a\x95\x69\x01\xe0\xb8\xc8\xfe\xac\x40\x07\x8c\x6a\x03\
\xcb\x27\xc3\xda\x3f\xc1\xb8\x0e\xe2\xbf\x79\x99\x25\x3a\x04\x5a\
\x21\x01\x18\x86\x94\xce\x7f\x1a\x4d\xda\x4d\x26\x2c\xc2\xba\xc5\
\xa2\xf7\x27\x89\xb6\xc4\x8d\xfb\xc1\xdf\x5e\x83\xb4\x0c\xb3\x23\
\x52\x14\x45\xa9\x3a\x02\xc2\x2e\xbf\x50\xd4\xb9\x0e\xbc\x7f\x13\
\xec\x7e\x00\xfe\xdc\x0b\x6a\x7a\xaf\xa5\x7a\x14\xa2\x3f\x80\xa9\
\xac\x90\x00\x48\x99\x0a\x89\xae\xd5\x9e\x86\x2d\xc7\x70\xd5\xe0\
\x77\xe9\xd0\xf3\x59\xaa\xc7\x76\xc6\xaa\xab\x82\x19\x27\xe0\xef\
\x6f\x42\x93\xfe\xf0\xc8\x8b\x6a\x46\x40\x51\x14\xc5\x17\x9c\xa1\
\x54\xe8\xb6\x50\x37\x12\x9e\x1d\x20\xf6\x09\xbc\x75\x03\xb4\x8f\
\xf5\x4a\x38\xa6\x2f\x03\x98\x9d\x00\xd4\x40\x52\x16\x14\xd7\xf0\
\x9a\xd3\xff\x9f\x46\x8d\xda\x57\x71\x45\xaf\x17\xe8\x7a\xcd\x5b\
\xd4\x69\x7c\x2d\x0e\x67\x90\x8c\x4b\x48\x57\x58\x04\xaf\x7e\x00\
\xdd\x46\x41\xca\x31\xb3\xa3\x51\x14\x45\xb1\x37\xcd\x09\xce\x4a\
\x14\x07\x0a\x0d\x80\x29\x9d\x61\xe3\x54\xf8\x61\x22\x0c\x6b\x09\
\x0e\x79\xcf\x95\xd7\x23\xba\xdf\x9a\xc6\xec\x04\xe0\x16\x44\x97\
\x24\x43\x1c\xce\x60\x62\xea\xf5\xbe\xe0\xbf\x87\x47\x35\xa2\x65\
\xe7\x07\xe8\x71\xed\x1c\x9a\xb4\x9d\x44\x50\x48\x0d\xa3\x97\xf2\
\x8a\x5d\xfb\x61\xc8\x64\xc8\x53\x33\x01\x8a\xe2\x31\x8b\x96\x7f\
\x55\x2c\xc6\x59\xce\x32\xc0\xa5\xf4\x6b\x0c\x5f\x8e\x81\xdf\xa6\
\xc1\xa0\x66\x52\x42\x09\x46\xdc\x03\x4d\x63\x76\x02\x30\x51\xc6\
\x20\xb5\xea\x5e\x8d\x33\xe0\xd2\xfb\x29\x02\x83\xa2\x68\xd8\xea\
\x56\x7a\x0c\xfd\x90\xd6\x5d\x1f\x25\x32\xba\xb9\x8c\xcb\x4a\xb5\
\x6b\x3f\xfc\xf5\x5f\x66\x47\xa1\x28\x8a\x62\x6f\x01\xa1\xa0\x19\
\xb8\xf3\x35\xa9\x0e\x4f\x5c\xf8\xbc\xe9\x29\x53\x97\x01\xcc\x4c\
\x00\x1a\x01\x52\xbe\x8d\xb5\x1b\x0e\xac\xd0\xd7\x69\x8e\x00\xe2\
\x1a\x0c\xe0\xca\x01\xaf\xd3\xa9\xef\x3f\xa9\x55\xf7\x6a\x34\x23\
\x3f\x09\x92\xbd\xf3\xa9\xa8\xb0\xa7\x28\x4a\xe5\xa9\x09\x00\xa5\
\x42\x34\x70\x86\x18\x1b\xa2\x47\x03\x68\x2c\x61\xeb\x3a\xa2\x43\
\x60\x43\x29\x23\x79\xc0\xcc\xbb\xdf\x78\x24\xfc\xce\x06\x87\xd6\
\x24\x3a\xa6\x53\xa5\xdf\x57\xad\x66\x3b\xda\x75\xff\x2b\xdd\x86\
\xbc\x4f\xfd\xe6\x23\x09\x08\x34\xbf\xa9\x74\x71\x09\xcc\x5b\x62\
\x76\x14\x8a\xe2\x9f\x02\x9d\x66\x47\xa0\xf8\x0b\x67\xb8\xb1\x5b\
\x8f\x06\x8c\x6e\x27\x25\x14\x53\xab\xe0\x9a\x99\x00\x48\x99\xfa\
\x88\xad\x3f\xc0\xd0\x53\x7c\x48\x58\x1c\xcd\x3a\xdc\x49\x8f\x6b\
\xe7\xd0\xfc\x8a\xbb\x09\x0d\xaf\x23\x23\x2c\x8f\x6d\xd8\x66\xea\
\xe5\x15\xc5\x6f\xa9\x04\x40\xa9\x28\x67\x90\xb1\x65\x00\x80\xb1\
\x1d\xe4\xc4\x82\x89\xcb\x00\x66\x25\x00\x9d\x00\x29\xf9\x53\x5c\
\x05\xa7\xff\xcb\xe3\x0c\x08\xa5\x5e\xb3\x1b\xe9\x36\xf8\x3f\xb4\
\xeb\xf1\x34\xe1\x51\x8d\xa5\x8c\x5b\x59\x69\x6a\x09\x40\x51\x3c\
\xa2\x12\x00\xa5\xc2\x34\x70\x1a\x9c\xf4\x6d\x5d\x4b\x94\x15\x96\
\xa0\x03\x70\x85\x94\x91\x2a\xc9\xac\x04\x40\x4a\xc6\x13\x59\xbd\
\x05\xe1\x51\x8d\x64\x0c\xf5\x87\xec\x13\xbb\x39\x76\xe4\x67\xf2\
\x73\x8e\x48\x1d\xb7\xa2\x42\xac\xd7\xbf\x5a\x51\xfc\x42\x90\x95\
\x7a\x9b\x2a\x96\x17\x10\x6a\x7c\xd7\x88\xbf\xcf\x02\x98\xf1\x2b\
\x23\x6d\xcd\x23\xae\xc1\x35\xe5\x7f\x51\x05\xb8\x4a\x0b\x48\x3b\
\xbc\x9c\x94\xc4\xef\xc9\xcf\x49\x96\x32\xa6\xa7\x9a\xfa\xb6\x1e\
\xb5\xe5\xe4\xe6\xc3\x0f\x2b\x61\xf9\x3a\xd1\x76\x18\xa0\x6e\x2c\
\x0c\xec\x09\x37\x0c\x80\xa8\x08\x53\xc3\x53\x2c\x2c\xc0\x3a\xfb\
\x79\x15\x3f\xe0\x08\x12\xa5\x81\xdd\x25\x9e\x8f\x31\xba\x1d\x3c\
\xf5\x13\xb8\x8d\xf7\x79\x19\x07\x3c\x09\xb8\x0d\x8f\x54\x09\x66\
\x24\x00\xfd\x91\xd0\xf9\x4f\x73\x04\x10\x5b\xbf\xaf\xa1\x31\xf2\
\x73\x92\x49\x49\xfc\x9e\xb4\xc3\xcb\x71\x95\x5a\xe3\x10\xfe\xa0\
\x5e\x66\x47\x60\x8e\x84\xc3\xf0\xc6\xc7\xf0\xe1\x3c\x38\x95\x7b\
\xe1\x9f\xbf\xff\x15\x84\x87\xc2\xa4\x51\xf0\xc0\x24\xd1\x8a\xd8\
\x2c\xea\xbc\xb9\x35\xa9\x19\x00\xa5\xb2\x9c\xa1\x1a\xee\x12\xcf\
\xef\xde\x75\x23\xa1\x77\x23\x58\x9d\x64\x38\x94\x06\x40\x5f\x60\
\xa5\xe1\x91\x2a\xc1\x8c\x5f\x19\x29\x53\x1d\x35\xe3\xba\x12\x18\
\x5c\xad\xf2\x6f\xd4\x75\x32\xd3\x36\x71\x34\x71\x21\x27\x8f\x6d\
\xc7\x4a\x5d\xc4\x1b\xd5\x83\x6b\x8d\xe5\x34\x7e\xe7\xe7\x0d\xa2\
\x41\xd2\xc2\x15\xe0\x2e\x27\xf7\xcd\x2b\x10\x47\x25\xdf\xfd\x0c\
\x06\xf7\x82\x19\x53\xc4\xf7\xcb\xe1\xe3\x27\xbf\xa0\x8b\x34\x14\
\xa9\x14\x57\xa9\x94\x38\x7c\x72\x1d\x97\x81\xc7\xa3\xca\x28\x35\
\x7e\x9d\x6a\xa6\xb7\x56\x51\xfc\x4d\x40\x38\x94\xe4\x60\xe8\x36\
\x30\xb6\xbd\x94\x04\x00\xc4\xbd\x71\xa5\x94\x91\x2a\xc8\xd7\x09\
\x40\x08\x70\xb3\x8c\x81\xce\x94\xfe\xad\x98\xd2\xe2\x1c\x52\x0f\
\xfd\x48\x4a\xe2\x22\x0a\xf3\xd3\x65\x84\x20\xdd\x2b\x4f\x42\x60\
\x15\x78\x8a\x29\x2a\x86\xcf\x17\x8a\x1b\xff\xf6\xf8\xca\xbf\x5f\
\xd7\xe1\xc7\xb5\xe2\xd5\xb2\x89\x98\x11\x98\x3c\x0a\x22\x7d\x74\
\x92\x33\xd4\xe0\x19\x62\xb2\x7d\xd4\x05\x2a\xf7\x84\xf1\x31\xb2\
\x7c\x50\xa3\x5a\xd7\x21\xdb\xd8\x75\x34\x0d\x6a\x98\x7f\x92\x57\
\xf1\x33\x9a\xf3\xf4\x32\x40\xb1\xe7\x63\x8c\x68\x0d\x0f\x2f\x81\
\x42\xe3\xf9\xf6\x2d\xc0\x03\x40\xa1\xe1\x91\x2a\xc8\xd7\xab\x66\
\xc3\x00\x0f\x1e\xdb\xcf\x15\x10\x14\x49\x8d\xda\x57\x55\xe8\x6b\
\x73\xb3\x13\xd9\xfb\xeb\xeb\xac\x5f\x32\x89\xc4\x9d\x1f\x58\xf6\
\xe6\xff\xc8\x9f\xe0\x96\x6b\xcd\x8e\xc2\xbb\xd2\x8f\xc3\xb3\xb3\
\xa0\x51\x5f\xb8\xfd\x71\xcf\x6e\xfe\xe7\xdb\x77\x10\x1e\x78\x0e\
\x1a\xf4\x86\x87\xff\x0f\x12\x7d\xb0\x77\x33\xb6\xa6\xc1\x01\x4a\
\x0a\x21\x2f\x5b\x4a\x2c\x97\x75\x5c\xc2\x7e\x96\xac\x34\xe3\x63\
\x94\x27\x27\x13\x4a\x0d\x7c\x02\x23\x9e\xfe\xd5\x1e\x00\xc5\x13\
\xe5\x75\x08\x2c\x4f\xb5\x10\x18\x2a\xa7\xb8\x6c\x34\x3e\xee\x10\
\xe8\xeb\x5f\x19\x49\x67\xff\xfb\xe2\xb8\x58\x63\xe7\xd3\x74\x77\
\x29\x19\xc9\xab\xd9\xbe\xfa\x31\xb6\xae\x78\x80\xb4\x43\x3f\xe2\
\x76\x19\xfb\x80\xf1\x16\xa7\x13\x9e\x7f\x10\x66\x3e\x61\x76\x24\
\xde\xb3\x3d\x1e\xa6\x3c\x26\x6e\xfc\xcf\xcd\xf2\x4e\xb5\xc3\xec\
\x1c\xf8\xf7\x87\xd0\xe2\x1a\x18\x71\x0f\xac\x58\x2f\xff\x1a\x65\
\xea\xd7\x36\x3e\x86\xbe\x7f\x93\xf1\x41\x2e\xc7\xed\x42\x4f\xd8\
\x62\x78\x18\xfd\xe0\x0e\xaf\x2f\x03\xe8\x07\x8c\xc7\x59\x53\x3d\
\xfd\x2b\x1e\x72\x86\x61\xb8\x24\xdd\xad\xed\xa5\x84\x02\x3e\x3e\
\x0d\xe0\xcb\x09\x67\x2f\x74\xfe\x3b\x57\x71\xe1\x49\x52\x93\x96\
\x90\x72\xf0\x07\x8a\x0b\x25\x4c\x7f\x7a\x91\xc3\x01\xc3\x07\xc2\
\xb3\x33\xa0\x53\x1b\xb3\xa3\x91\xcf\xed\x86\x05\x3f\x89\x69\xfe\
\x95\x1b\x7d\x7b\xdd\xf9\xcb\xc5\xab\x43\x2b\x98\x3e\x19\x26\xdc\
\x28\x61\xda\xfe\x2c\x1d\x5a\xc1\x77\xcb\x0c\x0e\xb2\xf5\x07\xe8\
\x34\x58\x4a\x3c\x17\xb5\x67\x3d\x14\x5c\x64\x37\x65\x65\xe5\x65\
\xa1\xc7\xaf\x43\x6b\xdf\xdf\xf8\x58\x97\xb2\x65\x91\xe1\x21\xea\
\xc9\x29\xcb\xaa\x54\x41\x9a\x43\x74\x08\x74\x19\x98\x78\x1f\xda\
\x5c\xcc\x04\x64\x1b\x9f\xbc\xbf\x01\xd1\x21\xf0\xa4\xe1\x91\x2a\
\xc0\x97\x33\x00\x52\x3a\xff\x85\x45\xd6\x27\xaa\x7a\xab\x73\xfe\
\xdb\xa9\x13\x7b\x88\xdf\x32\x93\x0d\x4b\xa7\x90\x14\xff\x89\xa5\
\x6f\xfe\xd5\x22\xe1\xa1\xdb\x61\xdf\x72\xf8\xee\x5d\xfb\xdd\xfc\
\x4f\xe5\x8a\x9b\x7e\xcb\x41\x30\xf2\x5e\xdf\xde\xfc\xcf\xf7\xfb\
\x5e\xb8\xeb\x2f\x62\x79\xe0\x2f\xaf\x40\xb2\xa4\xd9\xec\xee\x1d\
\x8d\x8f\xa1\x6f\x9c\x0f\x45\xf9\xc6\x07\xba\xd4\xf8\x2b\x3e\x92\
\x37\xd8\x9a\x2f\xe5\x8d\x75\xbe\xa2\x3c\xf4\xcd\x0b\x0d\x0f\xd3\
\xc1\xf0\xb9\x22\xa5\x2a\x0b\x30\x58\x1a\x38\x24\x40\xec\x05\x90\
\x20\x18\x49\xfb\xe4\x2a\xc2\x97\x09\x80\x94\xce\x7f\x65\x4f\xff\
\x6e\x77\x09\x19\x47\xd7\xb2\x6d\xd5\xa3\x6c\x5b\xf5\x08\xc7\x8e\
\xac\x44\x77\xfb\x68\x77\xb5\x07\x5a\x34\x86\xd7\x9e\x82\xe4\x75\
\xf0\xea\x5f\xa1\x99\x69\xed\x1f\xbc\xe3\x60\x32\x3c\x31\x13\x1a\
\xf7\x83\x07\x5f\x10\xc7\xfa\xac\x22\x33\x0b\x5e\x7a\x57\x2c\x41\
\x0c\x9f\x2a\x6a\x0c\x18\xd1\xa3\xb3\x84\xa3\x80\xd9\xc7\xd0\x17\
\xbf\x63\x70\x90\x4b\x48\xd9\x8f\xfe\xcb\x37\xd2\x86\xd3\x57\x7f\
\x06\xc9\x7b\xa4\x8d\x77\xce\xd8\xdf\xbf\x01\xa7\x8c\xaf\x09\x5d\
\x51\x4f\x9d\xcd\x54\x3c\xe7\x0c\x31\x5e\x1a\xd8\x1f\x97\x01\x7c\
\xf5\x5b\xd3\x08\x38\x68\xf8\x7a\x9a\x46\xa7\x3e\x2f\x73\x22\x6d\
\x33\xa9\x49\x4b\x29\x29\x3e\x25\x25\x38\x6f\x71\x38\xe0\x86\xfe\
\x62\x97\xfa\xa0\x5e\xf6\x3c\x3f\xbe\x72\xa3\x78\xe2\x5f\xf0\x53\
\xf9\xc7\xf8\xac\xa4\x6b\x07\x71\x8c\x70\xcc\xf5\x9e\x1d\xeb\x6b\
\x36\x40\xc2\x86\xc3\xf0\x6a\x38\x5e\xd9\x0c\x35\xea\x1a\x1c\xe8\
\x2c\xba\x8e\xfe\xd2\x48\xf4\x1d\xcb\xe5\x8d\x09\x68\x9d\x87\xa2\
\x3d\x3e\x4f\xee\x0f\x71\xe6\x51\xdc\x8f\x74\x85\x82\x1c\xc3\x43\
\x6d\x7e\x52\xa3\xab\xdc\xa2\xa0\x4a\x15\x53\x7c\x52\xa7\x34\xcf\
\xf3\xf7\xbb\x75\x68\x35\x0b\x52\x8c\xff\x38\xbb\x81\xc6\x80\xd7\
\xb7\x34\xfb\xaa\x7a\xf6\x34\x60\x90\xd1\x41\x34\xcd\x41\xfa\xe1\
\xe5\x64\x67\xee\xc2\xed\x2a\x92\x10\x96\x77\x54\x8b\x84\x69\x13\
\x60\xee\xbf\xe0\xbe\x89\xe2\x69\xdf\x4e\x37\xff\xa2\x62\xf8\x74\
\x3e\xdc\xfe\x18\xbc\x3c\x1b\xf6\x24\x8a\x93\x5c\xfe\x24\xe5\x18\
\x7c\xfb\xa3\x28\x30\x94\x5f\x00\xad\x9b\x41\x44\x58\xc5\xdf\x7f\
\xe8\x28\x6c\xd8\x6e\x30\x88\x92\x22\xf4\xf8\xb5\x68\x7d\xc6\x42\
\x80\xd1\xe2\x02\x82\xfe\xed\x4c\xf4\x9f\x3e\x94\x32\xd6\x39\xd2\
\x12\x40\xd3\xd0\xda\xf6\x91\x33\x5e\x51\x3e\xee\x17\x47\x40\xc6\
\x21\xc3\x43\x35\xa8\x0e\xff\x1c\xa5\xd9\xea\x77\x4c\x31\x81\x43\
\xc3\x65\x60\x55\x4e\xd3\x20\x2d\x17\x36\x1a\x3f\x7c\xa3\x01\xe9\
\x80\xc1\xb9\xca\x8a\x5d\xc8\x17\x76\x22\xa9\xf9\x8f\x95\xb5\x69\
\x26\x9e\xf6\x6f\x1b\x59\xb9\x9b\x89\xbf\x48\x3f\x2e\x8a\xf0\xbc\
\xf3\x99\x77\x76\xf2\x9b\x29\x38\x08\xc6\x0e\x13\x9b\x06\xaf\xac\
\xc0\x4f\xea\xf6\x78\xe8\x3c\x5c\xce\xb5\xb5\xab\x86\xa3\xcd\xf8\
\x10\x02\x8d\xed\x54\xd4\x97\xbd\x8f\xfe\xdf\x87\x41\xf7\xd2\x54\
\x8c\xa6\xa1\x4d\x7d\x13\x6d\xe0\x64\x63\xe3\x14\x17\xa0\xcf\xba\
\x43\xca\xda\x3f\xc0\xc3\x83\xe0\x5f\xb7\xa8\xbb\xbf\x62\x5c\x41\
\xaa\x8e\xee\xf2\xfc\xfd\x3b\xd2\xe0\xea\xf7\xa5\x84\xf2\x3b\x3e\
\x68\x10\xe4\x8b\xdf\x9a\x4e\x80\x6d\x9b\xdc\x56\x85\x69\xfe\xed\
\xf1\x62\x9a\xff\xf3\x85\xe2\xe9\xdf\xee\x7a\x77\x15\xcb\x03\x23\
\x06\x43\xc0\x65\xe6\xc8\x3a\x0e\x83\xdf\x64\x2d\x8d\xb7\xea\x81\
\xe3\xa1\x4f\xa0\xba\x07\x67\x0c\x5d\x25\xe8\x5f\xbd\x80\x3e\xff\
\x55\x9f\x4c\xc5\x68\xc3\x67\xa0\x8d\x7f\x1e\x1c\x1e\x4c\x20\x9e\
\x48\xc1\xfd\xca\x38\x48\xd8\x2a\x2d\x9e\x6d\x7f\xd5\xe8\x54\xc5\
\x7b\x68\x28\x72\x94\x64\xeb\xa2\x32\xa0\x01\x5d\xde\x85\x3d\x72\
\x1e\x90\xae\x40\x24\x02\x5e\xe3\x8b\x25\x80\x47\x80\xab\x7d\x70\
\x1d\x9f\xb2\xfb\x34\x7f\xd9\x31\xbe\x69\x7f\x13\x9b\xfb\xb6\xc7\
\x83\xcb\x40\x66\xec\x4f\x0e\xa7\xc0\xd7\x3f\xc0\x9c\xff\x41\x49\
\x89\x98\xd9\xb9\xd8\x31\xc2\x82\x42\xf8\x71\x8d\xa4\x8b\x66\x26\
\x8b\x9d\xfb\xa1\x91\x68\x8d\xda\x83\xb3\x62\x27\x74\xf5\x9d\x2b\
\xd1\x5f\x9b\x0c\x1b\xbe\x95\x14\x48\x05\xec\xdb\x88\xbe\x75\x31\
\xc4\x35\x41\x8b\x6b\x52\xb1\xf7\x94\x14\xa2\xff\xf0\x16\xfa\xac\
\xdb\x21\xfd\xa0\xb4\x50\x06\xb5\x81\xc7\x86\xd8\xe8\x17\x4f\x31\
\x95\xe6\xd0\x0c\xed\x03\x00\x71\x14\x70\x55\x92\x94\x70\x72\x00\
\xb9\x9b\x79\xce\xe3\xed\xdf\x1c\x07\x70\x18\x09\xcd\x7f\xac\xc2\
\xee\xd3\xfc\x39\x79\xf0\xc1\xd7\xa2\x31\x8f\x95\x76\xf2\x9b\x29\
\x2c\x14\x26\xde\x24\x96\x07\xda\xb5\x38\xf3\xdf\xb3\x73\xc4\xa9\
\x87\x2c\xd9\x7b\x51\xab\xc5\xa2\xf5\x9f\x88\xd6\x79\x28\x34\xef\
\x0a\x81\x67\xf5\x88\x76\xbb\x20\x35\x01\x7d\xc7\x32\xb1\xd3\xdf\
\xdb\x05\x85\xca\xd3\xb2\x3b\x5a\xf7\x9b\xd0\xba\x5c\x0f\xb5\x9b\
\x9d\x9b\x05\x97\x16\xc3\xbe\x4d\xe8\x5b\xbe\x47\x5f\xff\x3f\x38\
\x91\x22\xfd\xf2\x4b\xa6\x6b\x0c\x6d\x2b\x7d\x58\xa5\x0a\x2b\x4c\
\xd7\x0d\x75\x08\x4c\xca\x82\xf6\x6f\x4a\xe9\x32\x73\x04\xb1\x19\
\xd0\x6b\xdb\xab\xbd\x9d\x00\x0c\x04\x7e\xf2\xf2\x35\xbc\xae\x2a\
\x4c\xf3\x27\x1e\x81\x37\x3f\x86\xff\x7e\x7d\xf1\x6e\x7c\x8a\xf8\
\x77\xbf\xe6\x6a\x98\x31\x19\xae\xef\x2f\x7e\x2e\x9e\x9b\x25\xca\
\x1b\x7b\xf5\xa2\xd1\xb5\x21\xe8\xf4\x14\xc4\x89\x54\x51\x4a\xd8\
\x8a\x9c\x81\x10\x1d\x0b\xe1\xd1\xa2\xb6\xbf\x0f\x7a\x1e\x4c\x1f\
\x08\xd3\x07\x68\x34\x8b\xf1\xfa\xa5\x94\x2a\xa2\x24\x47\x2c\x05\
\x18\x31\x68\x0e\xac\x97\xb3\x87\xbf\x3f\xb0\x4a\xca\x48\x17\xe1\
\xed\x5b\xd9\x07\xc0\xed\x5e\xbe\x86\xd7\x44\x45\x88\x8d\x61\x0f\
\xdd\x2e\x76\x89\xdb\xd1\xd6\x9d\x67\xd6\xf7\x4b\xab\xc8\x14\xbf\
\x0c\x4d\x1b\xc0\xd4\xb1\x30\x71\x04\xf4\x1a\x23\x4e\x05\x28\xe6\
\x70\x68\x30\xb0\xb5\x48\x04\x86\x75\xb0\x67\x82\xae\xf8\x8e\xee\
\x12\x9b\x01\x8d\x78\x6f\x0b\x3c\xb4\x44\x4a\x38\xff\x01\xa6\x4a\
\x19\xe9\x22\xbc\xf9\xab\x12\x02\xa4\x21\xa1\xf9\x8f\xaf\xd9\x7d\
\x9a\xbf\xa8\x18\xbe\x5c\x04\xaf\x7d\x08\xdb\x76\x9b\x1d\x8d\x7f\
\x8b\x8a\x10\xbd\x01\x76\x1f\x30\x3b\x12\x05\x44\x45\xc0\xe9\x03\
\x34\x26\x74\x87\x50\x39\x27\x2b\x95\x2a\xa8\x30\x43\xc7\x6d\xe0\
\xa4\x79\x66\x3e\x34\x7b\x0d\x4a\x8c\x4f\xde\x9f\x04\xea\x00\x5e\
\x39\xf7\xee\xcd\x04\xe0\x16\xe0\x6b\x2f\x8e\x2f\x55\x55\x98\xe6\
\x3f\x96\x79\xe6\x18\x5f\x9a\x8f\x3a\xd2\x1a\xa6\x21\x65\x31\x4d\
\xa9\x5a\x6a\x45\xc0\x5d\xbd\xe1\xbe\xfe\x9a\xea\x13\xa0\x54\x5a\
\x69\x9e\x28\x0c\x64\xc4\x2d\x5f\xc2\xe2\xfd\x52\xc2\xb9\x19\xf8\
\x9f\x94\x91\xce\xe3\xcd\xdb\xdc\x77\xc0\x4d\x5e\x1c\x5f\x8a\xaa\
\x30\xcd\xbf\x23\x1e\xde\xfe\x14\xe6\x7e\x27\x76\xae\x5b\x9d\xa6\
\x41\xfd\xce\xc1\xb4\xb9\x3e\x8c\xea\x0d\x02\xd8\xbb\x2c\x9f\x3d\
\x3f\x16\x50\x78\xca\x8f\x4a\x0d\x2a\x96\xe0\x74\xc0\x75\xed\x60\
\xc6\x40\x8d\x41\x36\xeb\xbb\xa1\x78\x8f\xee\x3e\xbd\x0c\x60\x20\
\x07\xf8\x6a\x17\xdc\x2e\xe7\x70\xce\x37\x88\x07\x6a\xe9\xbc\x95\
\x00\x54\x07\x52\x11\x8d\x0d\x2c\xa9\x45\x63\x71\x7c\xef\x4f\x63\
\xec\x39\xcd\xef\x76\x8b\x96\xb8\xaf\xcf\x81\x45\x3f\xfb\x47\xa5\
\xbe\xa0\x30\x8d\x66\xfd\x42\x69\x77\x43\x18\x11\x31\xe7\x9e\x50\
\x75\x95\xe8\x1c\xd9\x5a\xc4\xae\x85\xf9\x64\x1c\xf0\x6e\x7b\x5a\
\xc5\x9e\xba\x34\x84\xa9\x7d\x34\x26\xf5\x80\x10\xb5\x3c\xa0\x94\
\xa3\x28\x53\xc7\x55\xe0\xf9\xfb\xf3\x4b\xa0\xc9\xbf\x21\xd7\x78\
\xed\x94\x22\xa0\x36\x90\x65\x78\xa4\xf3\x78\x2b\x01\xb8\x1b\x78\
\xd7\x4b\x63\x7b\xcc\xe1\x80\x81\x3d\xc5\x71\xae\x61\x03\xec\x39\
\xcd\x9f\x9b\x0f\x9f\x2d\x10\xeb\xfb\xf1\x09\x66\x47\x53\x31\x51\
\x75\x9c\xb4\x1e\x12\x46\xcb\x6b\x42\x09\x08\x2e\xff\x1f\x25\x33\
\xb1\x84\xdd\x8b\xf3\x39\xb8\xae\x10\xb7\xda\xb8\xa8\x54\x52\xed\
\x28\xb8\xbb\x2f\xdc\xd7\x4f\x23\x26\xd2\xec\x68\x14\xab\x72\x15\
\x88\x24\xc0\x88\x3f\xcd\x87\x2f\xe4\x94\xf2\xb9\x13\xf8\xaf\x94\
\x91\xce\xe2\xad\x5b\xe0\x6a\x40\x52\xd1\x70\xe3\xa2\xa3\xe0\x8e\
\x5b\x60\xda\x44\xfb\x75\xe1\x2b\x73\x30\x19\xde\x98\x03\x1f\xcc\
\x13\xe7\xd3\xad\x4e\xd3\xa0\x41\x97\x60\xda\x5c\x17\x46\x9d\x76\
\x41\x1e\xfd\x24\xe6\x66\xb8\xd8\xb3\x34\x9f\x7d\x2b\x0a\x28\xce\
\xf3\x83\x29\x0e\xc5\x52\x42\x02\x61\x42\x37\x98\x3e\x50\xe3\x0a\
\xdb\x54\x2a\x51\xa4\xd1\x4f\x97\x06\x36\xb0\xf2\xb8\x2c\x01\x46\
\x7c\x2e\x25\x9a\x95\xc0\x00\x29\x23\x9d\xc5\x1b\x09\x80\x9c\xce\
\x7f\x12\xd8\x7d\x37\x3f\xc0\xea\xcd\xe2\x18\xdf\xfc\xe5\xfe\x51\
\xa9\x2f\x28\x5c\xa3\xc5\x80\x50\x5a\x0f\x09\x23\x32\x4e\x4e\x21\
\xca\xd2\x22\x9d\x03\xab\x0a\x89\x5f\x92\x4f\xf6\x51\xeb\xb6\x84\
\xb6\x9a\xb0\x50\xb1\x34\xe4\x0f\xfb\x42\xbc\x6d\x60\x2b\x91\x08\
\x0c\xbf\x42\x1c\x2b\x54\x14\x30\xde\x21\xb0\xd4\x0d\x2d\x5e\x87\
\x63\x06\xab\x0b\xe2\xa5\x0e\x81\xde\xf8\x51\x7f\x12\x78\xd1\x0b\
\xe3\x56\x48\x55\x98\xe6\x2f\x2e\x11\x37\xfc\x57\xff\x2b\xa1\x23\
\x9d\x8f\x94\x4d\xf3\xb7\x18\x18\x4a\x60\x88\xf7\xfe\x51\xd2\xf7\
\x94\x10\xbf\x38\x9f\x43\x9b\x0a\xbd\xd6\x13\xc7\x0e\x6a\x44\xc3\
\x82\xd9\x62\xaf\xc8\xb0\xbb\x54\xf1\xa7\x32\x4d\x6b\x89\x7d\x02\
\x53\xfb\x40\x75\x9b\x3e\x34\x28\x15\xe7\x2a\x82\xa2\x0c\x63\xb3\
\x8b\x8f\x2e\x85\x77\x36\x4b\x09\xe7\x31\x60\xa6\x94\x91\x4e\xf3\
\xc6\x27\xf1\xef\x40\x7b\x2f\x8c\x7b\x59\x55\x61\x9a\xff\x58\x26\
\xcc\xfe\x5c\xec\xe8\xf7\x87\x63\x7c\x7f\xec\xe6\xbf\x2e\x8c\xba\
\x1d\x3c\x9b\xe6\xf7\xd4\xa9\x54\x17\xf1\x4b\xf2\x39\xb0\xaa\x80\
\x92\x02\xb5\x3c\x70\xb6\x2b\x5a\xc3\x37\x6f\x41\xf3\x46\xe2\x7f\
\x6f\xda\x01\x23\xee\x85\xd4\x63\xe6\xc6\x65\x25\x91\x21\x30\xa5\
\x27\x3c\x30\x40\xa3\x45\xac\xd9\xd1\x28\xa6\xd1\xa1\x20\xcd\x58\
\x87\xc0\xcd\x47\xa1\xbf\x9c\x0e\xdd\xbf\x01\x1d\xa5\x8c\x74\x9a\
\xec\x8f\xe4\x8e\x80\x4f\x9f\x49\xab\xc2\x34\xff\x6f\x7b\xc4\x6e\
\xfe\xcf\x16\x40\xa1\x57\xca\x41\xc8\x15\x18\x7a\x7a\x9a\x7f\x68\
\x18\x51\xb5\x7d\xd1\x6f\xea\xd2\x4a\x0a\x74\xf6\xff\x5c\x40\xfc\
\x92\x7c\x72\xd2\xfd\x60\x8d\xc4\x8b\x34\x0d\xfe\x34\x1a\x66\xfd\
\xed\xc2\xe6\x46\x47\xd3\xe1\xe6\x69\xb0\x71\x87\x39\xb1\x59\x95\
\x43\x83\xeb\xdb\x8b\x63\x84\xd7\xb4\xb6\xe7\x8c\xa2\x72\x79\x46\
\x3b\x04\xea\x40\xc7\xb7\x21\xe1\x84\x94\x70\xa4\x76\x08\x94\xfd\
\xe3\xfc\x32\x62\x9a\xc2\xab\xaa\x42\xd1\x1e\xb7\x1b\x16\xad\x14\
\xbb\xf9\x57\xac\x37\x3b\x9a\x8a\x89\xaa\xe3\xa4\xcd\xb5\x61\x34\
\xef\x17\x4a\x60\xa8\xb5\xfe\x51\x74\x1d\x92\x7f\x2d\x22\x7e\x71\
\x3e\x29\x3b\x8b\xab\x5c\x71\xa1\x26\xf5\xe1\xdd\x17\x60\x48\xef\
\x4b\x7f\x4d\x49\x29\xfc\xfd\x4d\x78\xe9\x1d\x55\x16\xfa\x62\xda\
\xd5\x15\x55\x06\x6f\xeb\xa1\xaa\x0c\x56\x25\xee\x12\xd1\x20\xc8\
\x88\x17\x56\xc1\x4b\x72\x3a\x87\xbe\x0c\x3c\x21\x65\x24\xe4\x26\
\x00\x0e\x20\x09\xf0\x5a\x67\xee\xb2\x69\xfe\xfb\x6e\x13\xb5\xd8\
\xed\x28\x27\x0f\x3e\xfa\x06\x66\xcd\x81\x03\x87\xcc\x8e\xa6\x02\
\x34\xa8\xd7\x31\x88\xb6\xd7\x85\x53\xaf\xa3\x6f\xa7\xf9\x3d\x95\
\x75\xa4\x94\xdd\x4b\xf2\x49\x5c\x53\x48\x69\x91\xbd\x33\x81\xe8\
\x28\x78\xe2\x6e\x98\x31\x05\x42\x2a\x58\x95\xe3\xd7\x5d\x30\xfd\
\x79\x58\xb7\xd5\xab\xa1\xf9\xad\x9a\xe1\x70\x57\x1f\x71\x8c\xb0\
\x7e\x75\xb3\xa3\x51\x7c\xc1\x68\x87\xc0\xfd\x99\xd0\xe9\x1d\x29\
\xa1\x1c\x06\x9a\x20\xa9\x43\xa0\xcc\x8f\xeb\xfe\xfc\x7f\x7b\x67\
\x1e\x1d\x55\x99\xe6\xe1\xe7\x66\xad\xaa\x6c\xac\x61\x8b\x18\x08\
\x24\x6c\x8a\x80\x68\x03\x22\x48\xa2\x08\x2d\xa3\xa2\xa8\xa8\x88\
\x88\x8a\x0b\xb6\x4d\xef\x3d\x67\xfa\x8f\xe9\xe9\x63\xcf\x38\xd3\
\x2a\x2d\x36\x6a\x37\x8b\x80\xc8\xb8\x8d\x0d\x1a\x64\x09\xa2\x22\
\xd8\x08\xa8\x2d\x90\xb0\xc9\x4e\x80\xb0\x06\xa8\x25\x49\xd5\x9d\
\x3f\x3e\x4b\x03\x84\x24\x55\xf7\x56\xee\xbd\x95\xf7\x39\xc7\xe3\
\xa9\x0a\xdf\xad\xf7\x10\x6e\x7d\xdf\x7d\x97\xdf\x0f\x3e\x32\xf1\
\x7a\xdf\xd3\x1c\xd2\xfc\xbb\x0f\xfc\xe0\xc6\xe7\x84\x31\xbe\x64\
\xb7\x46\xb7\x61\x6e\x7a\xde\xec\x21\xb3\x83\xb5\x69\xfe\x68\x09\
\x9c\x0d\xb1\xbd\xc4\x47\xd9\x72\x1f\xe7\x8e\xc5\xd7\x23\x6f\xe7\
\x8e\x30\x75\x02\x4c\x19\xaf\xd4\x2e\x23\x45\xd7\xe1\x9d\x65\xf0\
\x87\x97\x94\x92\x64\x2c\xe9\xd4\x0e\x7e\xf5\xa8\xba\xcf\x67\x2e\
\x84\xc5\x25\xce\x98\x68\x49\x4a\x80\x3b\xfa\xab\xf2\xc0\xa0\xae\
\x56\x47\x23\xc4\x12\x33\x1c\x02\x87\xce\x82\x4d\xe5\xa6\x84\x33\
\x1c\x93\x1c\x02\xcd\x3c\x00\xfc\x15\x25\x56\x60\x0a\xe1\x34\xff\
\x4f\x26\x2a\x0b\xd6\x78\x4c\xf3\x03\x7c\xfa\x05\xbc\x30\xd7\x39\
\x63\x7c\x99\xed\x13\xe9\x31\xd2\x43\xf7\x1b\xec\x97\xe6\x8f\x96\
\x50\x10\xf6\x7d\xe1\xa7\x74\xa9\x97\x23\x65\xce\x55\x19\x6c\xd3\
\x52\xd9\x14\xdf\x77\x2b\x14\x0d\x56\xf7\x90\x51\x74\x1d\x96\xaf\
\x51\xcd\xa7\x1f\x7c\xa4\x26\x50\xcc\x62\xe8\x40\x78\xe4\x6e\xb8\
\x6b\x34\xa4\xa6\xfc\xf0\xfe\x9e\x03\xea\x20\xf0\xb7\x37\xe1\x84\
\xe9\xda\x67\xb1\x61\x60\xae\x3a\x08\x8c\xeb\x0f\x29\x49\x56\x47\
\x23\x98\x8d\x1e\x54\xcd\x80\x46\x4a\x87\x33\xd6\xc3\xaf\x97\x9b\
\x12\x8e\x69\x0e\x81\x66\x7d\x83\xa7\xa2\xa4\x7f\x0d\x27\xc4\x9a\
\x43\x9a\xbf\xaa\x5a\xb9\xf1\x4d\x9f\xab\xec\x78\x6d\x8f\x06\x1d\
\xaf\x48\xa1\xd7\x28\x0f\x9d\xfa\xa5\xc6\xed\x61\x0c\xe0\xf8\xee\
\x6a\x4a\x97\xfa\xd8\xbd\xd6\x4f\xb0\xda\xfe\xe5\x81\x76\x6d\xe0\
\x97\x8f\xc0\xd0\xab\x61\x40\x1f\x48\x8c\x61\x32\xe6\xc4\x29\x75\
\x50\x5d\xf6\x29\x94\xac\x85\x63\x27\x23\x5b\x9f\x91\x06\x83\xfa\
\xc1\x8f\x6f\x80\x5b\x46\x34\x7c\x7f\x7b\x7d\xf0\xfa\x62\x98\x31\
\x5f\x35\xc2\x3a\x81\x0e\x59\xf0\xc4\x30\x8d\x29\x43\x11\x95\xc1\
\x38\x23\x50\xa1\x13\x34\xd0\x84\x7d\xf8\x2c\xe4\x4f\x87\xa0\xf1\
\xaf\x15\xd3\x1c\x02\xcd\xfa\x2a\xbf\x1d\x13\xdc\x8a\xae\xed\x0b\
\x2b\xe7\xc7\x6f\x9a\xbf\xe2\xc4\x0f\x63\x7c\x4e\x18\xb9\x4a\x76\
\x69\xe4\x5d\xef\xa2\xe7\xcd\x1e\xb2\x3a\x35\xaf\xc7\x1a\xff\xe9\
\x10\xdb\x56\xfa\x28\x5b\xe1\xc5\x77\xd2\xde\x82\x02\xb9\x39\xdf\
\xf9\x5a\x8c\x83\x96\x4d\x68\xbe\xbd\xf7\x20\x7c\x55\xaa\x9e\xd8\
\xf7\x1d\x52\x5a\x02\xe1\xf2\x55\x7a\x1a\xa4\xb9\xe1\xb2\x0e\x2a\
\xbe\xde\xdd\x55\x8a\x3f\xda\xac\xc4\xea\x7f\xa8\x83\xc0\x7b\x2b\
\x9c\x91\x29\x73\x25\xc3\xf8\x81\x2a\x2b\xd0\x37\xc7\xea\x68\x04\
\x33\x30\xc3\x21\x70\xcc\x42\x58\xf5\xad\x29\xe1\x8c\x05\x0c\x5b\
\x0d\x99\x75\x00\x78\x07\x15\x90\x21\x66\xfe\x1e\x1e\xbb\xd7\x84\
\x68\x6c\xc6\xf6\xdd\xf0\xd2\x02\x95\xd2\xf4\x1a\x30\x97\x68\x2a\
\x32\xda\x25\x92\x5f\xe8\x26\xbf\xd0\x4d\x6a\xba\x09\x79\x64\x07\
\x13\xaa\xd1\xd9\xb7\x21\xc0\xd6\x62\x2f\x47\xb7\xd9\xbb\x3c\xe0\
\x4a\x85\x71\xa3\x54\x3d\xbd\x4f\xbe\xd5\xd1\xc4\x86\xf2\xa3\xf0\
\xca\x22\x78\x69\x7e\xe4\x19\x08\xab\x18\x92\xa7\x0e\x02\xb7\xf7\
\x53\x7d\x03\x82\x33\xd1\x75\xf0\x1d\x32\x56\x06\x58\xf0\x35\x4c\
\x59\x62\x4a\x38\x6f\x03\xe3\x8c\x5e\xc4\x8c\x03\x40\x26\x70\x18\
\x70\x1b\xb9\x48\x52\x22\x1c\x5c\x0b\xd9\xad\x4d\x88\xc8\x06\x38\
\xd1\x8d\x2f\xbb\x20\x99\x5e\xa3\x3d\x74\x1e\xe8\x22\xc1\x99\x7d\
\x7d\x31\xc5\x49\x26\x44\x43\x06\xa8\xce\xff\xb1\x37\xc5\xb6\x2c\
\x60\x15\x81\x2a\xd5\x2c\xe8\x24\x35\xcc\x2e\x6d\x60\xca\x50\x8d\
\x47\xae\x83\x56\x69\x56\x47\x23\x44\x83\x51\x87\xc0\x33\x01\xe5\
\x10\xe8\x33\xae\x58\xee\x47\x95\x01\x0c\x75\xc9\x98\x71\x00\x98\
\x0c\xfc\xcd\xe8\x45\x46\x0d\x83\x62\xd3\xbd\x8e\x9a\x1e\xa7\xb9\
\xf1\x25\x26\x6b\xe4\x0e\x4a\xa5\xcf\x98\x34\x5a\x76\x6e\x5e\x69\
\xfe\x68\xf1\x9d\x0a\xb1\x6d\x85\x97\xb2\xe5\x3e\xfc\x95\xf6\x2e\
\x0f\xe4\x75\x56\x8d\x76\x8f\xde\xd3\xb4\xe5\x81\xa6\x64\xe3\x66\
\xd5\x4f\xb3\xe8\x7d\xa5\x65\x60\x77\xd2\x53\xe1\xde\x6b\x54\x56\
\xa0\x57\x07\xab\xa3\x11\x22\xc1\x0c\x87\xc0\x09\xef\xc0\xbb\xe6\
\x4c\xd6\x4c\x06\x66\x1b\xb9\x80\x19\x07\x80\x55\x98\xe0\x52\xf4\
\xda\x7f\xc3\x03\xb7\x9b\x10\x8d\x45\x1c\x3a\x0a\xaf\x2e\x82\x17\
\xe7\x39\xa3\x73\xd9\xd3\x32\x81\xfc\x42\x35\xc6\x97\x9a\x21\x79\
\xc9\x68\x08\x56\xeb\xec\xdf\x18\x60\xcb\x12\x2f\x15\x3b\xed\x5d\
\x1e\xc8\x48\x83\xf1\x63\x54\x56\xa0\x57\x37\xab\xa3\x89\x0d\xe1\
\xf2\xc0\x5f\x16\xa8\x7e\x1b\xbb\xa3\x69\x50\xd8\x43\x89\x0b\xdd\
\x72\x45\xfc\x4e\x3a\xc5\x15\x26\x38\x04\xbe\xbf\x1d\xee\x7e\xd3\
\x94\x68\x56\x01\x85\x46\x2e\x60\xf4\x9f\x5c\x47\x94\x30\x81\xa1\
\x24\xa3\x2b\x15\x0e\x7f\x0e\x59\x0e\xec\x9a\x0d\x3f\x7d\xbc\xb1\
\xc4\x19\xea\x69\x92\xe6\x8f\x0d\x4e\x29\x0f\x34\x07\xb3\x2c\x27\
\x96\x07\xba\x67\xc3\x93\xc3\x35\x1e\x1e\x02\x69\x8d\x14\x6c\x12\
\xac\xc1\xa8\x43\x60\x55\x10\xf2\x5e\x80\x13\xc6\xfb\xc1\x42\x28\
\xf7\xdd\x03\xd1\x5e\xc0\xe8\xed\xff\x4b\xe0\x59\x83\xd7\xe0\x8e\
\x9b\xe1\xed\x19\x46\xaf\xd2\x74\x84\xdd\xf8\x9e\x9f\x0d\xeb\xbe\
\xb4\x3a\x9a\x86\x91\x34\x7f\xd3\xe1\x3d\x19\x62\xfb\x4a\x2f\xa5\
\xcb\x7c\x04\xce\xd8\xbb\x3c\xd0\x3d\x57\x4d\x0f\x3c\x7c\xb7\xea\
\xd8\x8f\x47\x9c\x56\x1e\xc8\x72\xc3\xc4\x41\xf0\xb3\x22\x8d\xcb\
\x5b\x59\x1d\x8d\x50\x17\xa1\x2a\xf0\x1f\x35\x56\x06\x78\xaa\x18\
\x66\x6f\x32\x25\x1c\x43\x0e\x81\x46\x0f\x00\x5f\x61\x82\x3b\xd1\
\xdb\x33\xd4\x21\xc0\xee\x9c\xaa\x84\xd7\xde\x85\x3f\xcd\x82\xfd\
\xe6\x28\x3a\xc5\x14\x77\xcb\x04\x0a\x0a\xdd\xf4\xb8\xd9\x83\x4b\
\xd2\xfc\x4d\x4a\xb0\x5a\x67\xcf\xba\x00\x9b\x17\x9f\xe3\xe4\x7e\
\x7b\xef\x3c\x99\xe9\xf0\xe0\x1d\x30\x6d\x92\x1a\xd9\x8b\x47\x0e\
\x57\xa8\x7b\xf7\xc5\x79\xca\xf8\xc8\xee\xd4\x36\x21\x2a\xea\x69\
\x75\x34\xc2\x79\xe8\xe0\x3b\xa2\xa3\x1b\xb8\xad\xd7\xec\x83\x91\
\xf3\x4c\x89\xe6\x6b\xe0\xaa\x68\x17\x1b\x39\x00\xf4\x04\xb6\x1a\
\x58\x0f\xa8\xda\xe4\x91\x7f\x5c\xec\x4e\x66\x27\x9c\x36\xc6\xd7\
\xba\x6b\x32\xbd\x46\x79\xe8\x32\x44\xd2\xfc\x76\xe0\x48\x59\x35\
\xa5\x4b\xbd\xec\x5d\xef\x37\x54\x3b\x8c\x35\x09\x09\x4a\x49\xf0\
\xe9\x38\x56\xdf\x0c\x67\xef\x5e\x98\x03\x6b\xcd\x79\x02\x8b\x39\
\xfd\x2e\x83\xc7\xae\x17\x13\x22\x3b\x51\x5d\xa9\x53\x5d\x19\xfd\
\x7a\x1d\xe8\x3d\x03\xf6\x9a\xd3\x2f\x76\x05\x10\x95\xa4\x9c\x91\
\x5b\xfc\x19\xe0\xb7\x06\xd6\x03\x30\xe1\x36\x98\xf7\x3f\x46\xaf\
\x62\x3e\x4e\x1b\xe3\x4b\x4c\xd6\xb8\x6c\x40\x2a\xbd\x6f\xf1\xd0\
\xb6\xbb\x7c\x4b\xd8\x91\x33\x47\x82\x6c\x2f\xf1\xb1\x6d\xa5\x8f\
\xaa\x73\x36\x3e\x09\x00\x05\x5d\xe1\xf1\x7b\xd5\x04\x81\x47\xca\
\x03\xb6\xa0\x5d\x26\x3c\x38\x08\x9e\xba\x41\xa3\x53\x0b\xab\xa3\
\x69\xde\x84\x6a\xc0\x7f\xd8\xd8\xa6\xf0\xbb\x55\xf0\xdc\x5a\x53\
\xc2\xf9\x23\xf0\xaf\xd1\x2c\x8c\xf6\x00\xa0\x01\xbb\x50\xae\x44\
\x86\x28\x9e\xa5\x46\x00\xed\x42\x78\x8c\x6f\xfa\x5c\xd8\xba\xd3\
\xea\x68\x1a\xc6\xdd\x22\x81\x82\x22\x37\x3d\x46\x7a\x70\x65\x4a\
\x9a\xdf\x09\x54\xfb\x74\x76\x7f\xe6\x67\x4b\xb1\x97\xd3\x07\xed\
\xbd\xf3\x64\x65\xc0\xc4\xb1\xf0\xf3\xc9\xca\x60\x28\x1e\x71\x5a\
\x79\x20\x25\x09\x6e\xed\xab\xfa\x04\x7e\x64\xf8\x1b\x58\x88\x16\
\xa3\x0e\x81\x65\xc7\x60\xc0\xcb\xa6\x84\x12\xb5\x43\x60\xb4\x07\
\x80\xeb\x00\xc3\xee\xc6\xad\x5a\x40\xf9\x3a\x48\xb1\xc1\x03\xab\
\xd3\xc6\xf8\x24\xcd\xef\x7c\x74\x1d\xca\x37\x57\x51\x5a\xec\x65\
\xff\x97\x01\x43\x0a\x63\xb1\xa6\x76\x79\xa0\x68\x88\xd5\xd1\xc4\
\x86\x70\x79\x60\xfa\x5c\xe7\x58\x21\x0f\xe8\x0c\x3f\x19\xa1\x71\
\xef\x35\xa2\x32\xd8\xd4\x98\xe1\x10\x78\xcd\xab\xb0\xc5\x1c\x59\
\xf8\xeb\x89\x62\x4f\x8e\x76\xeb\xf8\x2d\x70\x75\x94\x6b\xbf\x67\
\xe2\x58\xb8\xb5\xc8\xe8\x55\x8c\xb1\x71\x33\xfc\xe6\x59\x98\xfc\
\x1b\xf8\xe8\x73\xf0\xf9\xad\x8d\xa7\x3e\x12\x92\x34\x2e\xbf\xc6\
\xc5\x90\x29\x99\xf4\xbb\x3b\x9d\x56\x97\x27\xa1\xc9\x4d\xef\x58\
\x34\x4d\xc9\x2e\x77\xbd\xce\x45\xd7\x21\x6e\xd0\xe0\xd4\xfe\x1a\
\x5b\x8e\x11\xea\xba\xea\x85\x99\xff\x1e\x2c\x29\x51\xb1\xf7\xea\
\x06\xc9\x71\x34\x54\x92\x98\xa8\x3c\x0b\x1e\x1a\x07\x63\x46\xa8\
\xf7\xb6\xec\xb0\xf7\x78\x6f\xf9\x69\x78\xef\x2b\x98\xb5\x46\xa9\
\xcc\x5d\xd9\x49\xc3\x9d\xd2\xf0\x3a\xc1\x38\x09\x49\x18\x1a\x07\
\x04\xf5\x3b\xfb\x68\xb7\x29\xe1\x54\x01\xef\x47\xba\x28\x9a\x0c\
\x40\x32\x70\x08\x68\x13\xc5\xda\xf3\x58\xbd\x10\x86\x5d\x63\xf4\
\x2a\x91\x53\x5d\xa3\x4c\x45\x9c\x32\xc6\xe7\xce\x4a\xa0\xdb\x70\
\x25\xda\xe3\x69\x25\x3b\x7e\x3c\x53\xe5\xd5\xd9\xb9\xda\xc7\xd6\
\x62\x2f\x67\x2b\x6c\xbc\xf3\xa0\x64\xbb\x27\xdd\x09\x53\x27\x40\
\x4e\x7b\xab\xa3\x89\x0d\x47\x8e\xc1\xdc\x77\x94\x11\xd1\x81\xc3\
\x56\x47\xd3\x30\xae\x64\x18\xd7\x1f\x7e\x3d\x52\xa3\x77\x9c\x96\
\x6c\xec\x44\xe0\x98\x4e\xd0\xc0\x43\xe3\x81\x4a\xe8\xf9\x22\x84\
\x2c\x72\x08\x8c\xe6\x00\xf0\x2f\xc0\xdf\xa3\x58\x77\x1e\x1d\xb3\
\x61\xdf\xa7\x4d\xab\x53\x7e\xfa\x8c\xba\x99\x9d\x32\xc6\xd7\xba\
\x6b\x32\x05\x85\x6e\xf2\x86\xb9\x48\x4c\x8e\xc3\x96\x6c\xe1\x92\
\xe8\x3a\x1c\xd8\x14\xa0\x74\xa9\x97\x43\xdf\x54\x59\x1d\x4e\xbd\
\xa4\x24\xab\x4c\xde\x4f\x27\xc1\xe0\xfe\x56\x47\x13\x1b\xc2\xe5\
\x81\x57\x17\xc1\xca\xcf\xac\x8e\xa6\x61\x44\x65\xb0\x69\xa8\xf1\
\x42\xd5\x09\x63\xbb\xf7\xc8\x79\x6a\x2c\xd0\x04\x6e\x07\xde\x8b\
\x64\x41\x34\xff\x2c\xfe\x17\xb8\x2b\x8a\x75\xe7\xf1\xb3\x87\xe0\
\x4f\x51\xf5\x2d\x46\x8e\x93\xc6\xf8\x12\x92\x34\x3a\x5f\x9d\x4a\
\xaf\xd1\x1e\xb2\x0b\x6c\xd0\x1c\x21\x58\xce\x89\x3d\x35\x94\xad\
\xf0\xb2\xeb\x13\x3f\xc1\x2a\x1b\x37\x0a\x00\x03\xfa\x28\x95\xc1\
\xf1\x63\xe2\xab\x3c\x50\x9b\x8d\x9b\xd5\x41\x60\xfe\x7b\xf6\x2e\
\x19\x86\xe9\xd6\x16\xa6\xde\x20\x2a\x83\xb1\x40\x0f\x29\x69\x60\
\x23\xfd\x3b\xb3\x37\x29\x61\x20\x13\x88\xd8\x21\x30\xd2\x03\x40\
\x06\xca\xf9\xcf\x13\xe1\xba\x8b\x58\xff\x2e\x0c\xbc\xd2\xe8\x55\
\x2e\x8d\xae\x43\xc9\x5a\xe7\x8c\xf1\xb9\xb2\x12\xe8\x3e\xdc\x4d\
\x8f\x91\x6e\xd2\x5a\x4b\x57\x9f\x70\x31\xfe\xd3\x21\x76\xac\xf6\
\x51\xb6\xcc\xc7\xb9\xe3\xf6\x2e\x0f\xb4\x6f\x0b\x53\xc6\xab\xf2\
\x40\x9b\x96\x56\x47\x13\x1b\x8e\x1e\x87\x39\x6f\xab\x87\x0b\x27\
\x64\x14\x33\x5d\xf0\xe0\x60\x98\x56\xa8\x91\x1b\x27\xae\xab\x76\
\x20\x70\x42\x27\xe8\x8d\x7e\xfd\x29\x3f\x74\x7d\x1e\x02\xc6\x6f\
\xe9\x88\x1d\x02\x23\x3d\x00\x4c\x04\xe6\x46\xb8\xe6\x22\xf2\x3a\
\xc3\x8e\x92\xd8\xa4\xa5\xfc\x01\x78\xb3\x18\xfe\xeb\x15\x67\x8c\
\xf1\xb5\xee\x92\x4c\x41\x91\x9b\xbc\xeb\x5d\x24\xa6\x48\x9e\x4e\
\x68\x98\x50\x8d\xce\xbe\x0d\x01\xb6\x16\x7b\x39\xba\xcd\xde\x26\
\x44\xa9\x29\x70\xd7\x68\x35\x46\xd8\x37\x4e\x15\xed\xc2\x3d\x45\
\x4e\x29\x0f\x88\xca\xa0\xb9\x98\xe1\x10\x78\xf7\x9b\xca\x24\xc8\
\x04\x22\x72\x08\x8c\x74\xc7\x59\x0e\xdc\x18\xe1\x9a\x8b\xf8\xb7\
\x27\xe1\x3f\xa6\x19\xbd\xca\xf9\x84\x9d\xc0\x9c\x30\xc6\xa7\x25\
\x40\xce\x55\xa9\xf4\x1c\xed\xa1\xe3\x15\xd2\xb2\x2b\x44\x8f\x53\
\x4c\x88\x00\x86\x0c\x50\x6e\x84\xb7\xdf\x04\x49\x71\x9a\xe4\xda\
\xb4\x05\x5e\x79\xc3\x39\xe5\x01\x51\x19\x34\x07\xdf\x21\x63\x0e\
\x81\xef\x96\x2a\x9b\x60\x13\x88\xc8\x21\x30\x92\x03\x40\x7b\x94\
\xeb\x90\xe1\x5b\x77\xf3\x52\x35\x6e\x63\x06\x4e\x72\xe3\x93\x34\
\xbf\x10\x2b\x7c\xa7\x42\x6c\x5b\xe1\xa5\x6c\xb9\x0f\x7f\xa5\xbd\
\x55\x06\x3b\x66\xc3\x23\xf7\xc0\x53\x0f\x40\xeb\x38\x55\xb4\x0b\
\x97\x07\xfe\xf2\x3a\xec\x3b\x64\x75\x34\x0d\x93\x9d\x01\x93\x06\
\xc3\xd4\xe1\x1a\x39\x71\x5a\xb2\x89\x25\x46\x1d\x02\xfd\x35\xd0\
\xe5\x79\xa8\x8c\xa8\x87\xbf\x4e\x22\x72\x08\x8c\xe4\x00\x30\x0d\
\x78\x2e\x9a\x88\x6a\x73\x65\x0f\xf8\x3a\xe2\x69\xc5\xf3\x09\xa7\
\xdc\x9c\xa2\xe7\xdd\x2a\x37\x89\x1e\x37\x7a\x24\xcd\x2f\xc4\x9c\
\x60\xb5\xce\xfe\x8d\x01\xb6\x2c\xf1\x52\xb1\xd3\xde\xe5\x01\x57\
\x2a\x8c\x1b\x05\xbf\x7a\x14\xfa\xe4\x5b\x1d\x4d\x6c\x08\x06\xa1\
\xf8\x63\xf8\xf3\x6b\xce\x28\x0f\x84\x55\x06\xa7\x15\x6a\x0c\xea\
\x6a\x75\x34\xce\x21\x14\x00\x7f\x85\xb1\x32\xc0\xa3\x8b\xe1\xf5\
\x7f\x9a\x12\xce\x2f\x81\x46\x09\xec\x47\xb2\x1b\x6d\x00\x06\x44\
\x15\x4e\x2d\x9e\xf9\x05\xfc\xf6\xb1\xe8\xd6\x3a\x69\x8c\x4f\xd3\
\x20\xa7\x9f\xa4\xf9\x05\xeb\x70\x62\x79\x60\xec\x4d\x4d\x3b\x1a\
\xdc\x94\x7c\xb9\x15\x5e\x5e\x08\x0b\xfe\x6e\xff\x69\x24\x10\x95\
\xc1\x48\xf1\x1d\x36\xe6\x10\xb8\xea\x5b\x18\xb3\xd0\x94\x50\xbe\
\x02\xfa\x35\xe6\x0f\x36\xf6\x00\xd0\x1d\x30\xa5\x45\x61\x47\x09\
\x74\xbb\x3c\xc2\x35\x7b\x94\x10\x87\x13\xc6\xf8\x52\xd2\x34\xf2\
\xae\x77\xd3\xfb\xc7\x1e\xd2\xdb\xc6\xe9\x37\x99\xe0\x28\xbc\x27\
\x43\x6c\x5f\xe9\xa5\x74\x99\x8f\xc0\x19\x7b\x97\x07\xf2\x3a\x2b\
\x03\xa2\x47\xef\x81\x96\x59\x56\x47\x13\x1b\x2a\x4e\xc0\xec\xb7\
\x9c\x53\x1e\xe8\x90\x05\x8f\x0e\x55\x26\x44\xad\xd3\xac\x8e\xc6\
\xbe\x18\x75\x08\x0c\xe9\x50\xf0\x67\x38\x74\xc6\x94\x70\x1a\xe5\
\x10\xd8\xd8\x03\xc0\xef\x81\xdf\x19\x0a\x07\xf8\xd1\x55\xb0\xee\
\xed\xc6\xfd\x59\xa7\x8d\xf1\x85\xd3\xfc\x5d\x87\xba\x48\x4a\x95\
\x34\xbf\x60\x3f\x82\xd5\x3a\x7b\xd6\x05\xd8\xbc\xf8\x1c\x27\xf7\
\xdb\xdb\x84\x28\x23\x4d\x69\x09\xfc\x74\x12\xf4\xcc\xb3\x3a\x9a\
\xd8\x10\x0a\xc1\x07\xab\x9d\x53\x1e\x08\xab\x0c\xfe\x6a\xa4\x46\
\x1f\x51\x19\xbc\x08\xbd\x46\x65\x01\x8c\xf0\xeb\xe5\x30\x63\xbd\
\x29\xe1\x34\xca\x21\xb0\xb1\x3b\xd5\x76\x54\x16\xc0\x10\xd3\x7f\
\xa7\x44\x42\xea\x23\x3c\xc6\xf7\xec\xab\x4a\x87\xdb\xce\x9c\x97\
\xe6\xef\x93\x62\xcc\x5c\x59\x10\x9a\x90\x23\x65\xd5\x94\x2e\xf5\
\xb2\x77\xbd\xdf\x50\xf7\x72\xac\x49\x48\x80\x11\x83\xd4\xf7\xc6\
\x2d\x37\xc4\xaf\xa2\xdd\x57\xa5\x30\xf3\x75\xe7\x94\x07\x86\xe4\
\xa9\x31\xc2\xb1\xfd\x20\x51\xca\x03\xdf\xe3\x3f\xaa\x13\x32\x20\
\xdc\xb9\xa9\x1c\x86\xce\x32\x25\x94\x7d\x40\x2e\x0d\x48\x14\x35\
\xe6\x76\xfa\x11\xb0\xce\x68\x34\x09\x09\xb0\x7f\x8d\xea\x00\xae\
\x8b\xf0\x18\xdf\x8c\x79\x70\xdc\xe6\x63\x7c\x29\x1e\x8d\xbc\x61\
\x92\xe6\x17\x9c\xcf\x99\x23\x41\xb6\x97\xf8\xd8\xb6\xd2\x4b\xd5\
\x39\x7b\xa7\xd9\xba\xe7\xc2\x93\xf7\xc3\xc3\x77\x43\x9a\xdb\xea\
\x68\x62\xc3\xa9\x4a\x65\x4d\xfc\xfc\x1c\xd8\x7b\xd0\xea\x68\x1a\
\xa6\x5b\x5b\x78\xf8\x3a\x8d\x29\x43\xa1\x85\x61\x79\x38\xe7\x53\
\x73\x16\xaa\x4e\x19\xbb\x8f\xae\x9a\x09\x3b\x8e\x9b\x12\x4e\x83\
\x0e\x81\x8d\x39\x00\xbc\x08\x4c\x35\x1a\xc9\x88\x41\x50\x32\xff\
\xe2\xf7\xc3\x63\x7c\x8b\xde\x57\xdd\xfd\x76\x26\xab\x63\x12\x05\
\x37\xba\xc9\x2f\x74\x4b\x9a\x5f\x88\x2b\xaa\x7d\x3a\xbb\x3f\xf3\
\xb3\xa5\xd8\xcb\xe9\x83\xf6\xbe\x11\x33\xd3\xe1\xc1\x3b\x60\xda\
\x24\xc8\xcd\xb1\x3a\x9a\xd8\x50\xbb\x3c\x50\xb2\xd6\xfe\x25\x50\
\x51\x19\x54\xe8\x21\xa5\x09\x60\x84\x3f\x7e\x0a\x7f\xf8\xd8\x94\
\x70\x5e\x01\xea\x6d\xb9\x6f\x68\x17\x4b\x42\xcd\x13\xb6\x33\x1a\
\xc9\x5f\x9f\x81\x87\xbf\x73\x10\x08\x8f\xc6\xfc\xe7\xcb\xf6\x1f\
\xe3\xd3\x34\xe8\xd0\x27\x85\x9e\xa3\x3c\x5c\xd6\x3f\x55\xd2\xfc\
\x42\x5c\xa3\xeb\x50\xbe\xb9\x8a\xd2\x62\x2f\xfb\xbf\x0c\x18\xd2\
\x38\x8f\x35\x09\x09\x30\x7a\x38\x3c\x3d\x11\x0a\x07\xc7\x6f\x79\
\xa0\x6c\x17\xcc\x5c\xe8\x8c\x26\xe8\xda\x2a\x83\x85\x3d\xe2\xf7\
\x77\x52\x1f\x46\x1d\x02\xbf\x3d\x09\x57\xbe\x64\xca\xad\xd7\xa0\
\x43\x60\x43\xbf\x9e\xd1\xc0\x07\x46\xa3\x48\x4e\x82\xf2\xcf\x95\
\xfa\xd7\xdc\x77\xe0\xb9\xd9\xf6\xef\x7e\x4d\x76\x6b\x74\x1b\xee\
\xa6\xf7\x68\x0f\xe9\xd9\x92\xe6\x17\x9a\x1f\x95\xe5\x41\x4a\x97\
\x79\xd9\xb1\xca\x47\x4d\xc0\xc6\x27\x01\xa0\xa0\x2b\x3c\x7e\xaf\
\x9a\x20\xf0\xc4\x69\x79\x20\x3c\x06\xfd\xc2\x5c\xd8\xd3\x28\x99\
\x17\x6b\xb9\xea\x32\x78\xbc\x19\xaa\x0c\x9a\xe1\x10\x38\x7c\x0e\
\x7c\x61\x4e\x09\xe8\x36\xea\x71\xef\x6d\xe8\x00\xb0\x00\xb8\xcf\
\x68\x04\x7d\xf2\x95\x4d\xa8\x13\xe4\x31\x5b\xe4\x24\xd1\xf3\x66\
\x25\xda\x23\x69\x7e\x41\x80\xc0\xd9\x10\xdb\x4b\x7c\x94\x2d\xf7\
\x71\xee\x98\xbd\x05\x05\xda\xb6\x52\x87\x80\x27\xee\x87\x4e\x86\
\xf3\x96\xf6\x24\x18\x54\xd6\xc4\x2f\xce\x83\xd5\xff\xb0\x3a\x9a\
\x86\xc9\xce\x80\xc7\xae\x87\xc7\x87\x69\xb4\xcf\xb4\x3a\x9a\x26\
\x20\x04\x5e\x83\x0e\x81\x33\xbf\x80\x5f\x2c\x33\x25\x9a\xb7\xa8\
\xc7\xbd\xb7\xbe\x1d\x2e\x0d\xe5\xfc\x97\x6e\x4a\x18\x36\x46\xd2\
\xfc\x82\xd0\x30\xba\x0e\x07\x36\x05\x28\x5d\xea\xe5\xd0\x37\x06\
\x5a\x9d\x9b\x80\xc4\x44\x18\x35\x4c\x95\x07\x8a\x86\x58\x1d\x4d\
\xec\xd8\xf6\xad\xd2\x13\x98\xf5\x26\x9c\xb3\x79\x79\xa0\x39\xa9\
\x0c\x56\x9d\xd0\xa9\x31\xe0\x10\x78\xcc\x0b\x79\x2f\x40\x8d\xf1\
\x09\x1d\x3f\x4a\xc6\xff\x74\x5d\x3f\xac\x6f\xab\xbb\x0f\x95\x01\
\x88\x5b\x92\xdd\x1a\x5d\x86\xb8\xe8\x3d\xda\x43\x56\xa7\x38\x35\
\x2f\x17\x84\x18\x70\x62\x4f\x0d\x65\x2b\xbc\xec\xfa\xc4\x4f\xb0\
\xca\xde\xe5\x81\xfe\xbd\x95\x35\xf1\x84\xdb\xc0\xed\xb2\x3a\x9a\
\xd8\xe0\xb4\xf2\x40\x58\x65\x70\xfc\x40\x48\x8e\xc3\x0a\xab\x19\
\x0e\x81\xb7\xbd\x01\x2b\x76\x99\x12\xce\x43\xc0\x9c\xba\x7e\x50\
\xdf\x01\xa0\x18\x18\x65\xca\xc7\xdb\x8c\xcc\xf6\x89\x74\x1f\xe1\
\xa6\xa0\xc8\x43\x4a\x9a\x3c\xee\x0b\x42\xb4\xf8\x4f\x87\xd8\xb1\
\xda\x47\xd9\x32\x1f\xe7\x8e\xdb\xbb\x3c\xd0\xae\x8d\x9a\x1e\x98\
\x3a\x01\x72\xda\x5b\x1d\x4d\x6c\x08\x85\x60\xd5\x3a\xe7\x08\xa8\
\xc5\xb3\xca\xa0\xaf\x5c\x47\x37\x70\x4b\x2c\xfa\x06\x26\x5f\xb2\
\x7a\x1f\x11\x25\x40\x51\x5d\x3f\xb8\xd4\xee\xd7\x16\x38\x08\xc4\
\x4d\xeb\xae\x81\xf5\xdf\x00\x00\x05\x71\x49\x44\x41\x54\x86\xa4\
\xf9\x05\x21\x76\x84\x6a\x74\xf6\x6d\x08\xb0\xb5\xd8\xcb\xd1\x6d\
\xf6\x36\x21\x4a\x49\x86\x5b\x8b\x60\xda\x43\x30\xa8\x51\x8a\xe9\
\xce\x64\xfb\x6e\x78\x69\x81\x33\xca\x03\xa9\x49\x70\xd7\x80\xf8\
\x52\x19\xac\x3a\xad\x53\x63\x40\xd6\xf7\x5c\x35\x74\x7d\x1e\xce\
\x1a\xaf\xb6\x5d\xd2\x21\xf0\x52\xc9\x97\xc9\xc0\x2d\x86\x3f\xd6\
\x06\x84\xbb\xf9\x87\x3e\x99\x45\xef\x5b\xd2\xc8\xea\x98\x24\x9b\
\xbf\x20\x98\x8c\x96\xa0\xd1\x22\x27\x89\xee\x37\xb8\xb9\x6c\x40\
\x2a\xc1\x6a\x9d\xd3\x07\x6a\x6c\xf9\x04\x1a\x0c\xc1\xd6\x9d\x30\
\xeb\x2d\x78\x7f\x95\x72\x25\xec\xd5\x3d\xfe\x14\xed\x5a\xb7\x54\
\x7d\x10\x53\x1f\x80\x2e\x39\xb0\x73\x2f\x1c\x3b\x69\x75\x54\x75\
\x13\x0c\xc1\x3f\x0f\xc2\xcc\x8f\x61\x65\x29\x64\xb8\x34\x7a\xb4\
\x57\x63\x85\x4e\x45\x4b\xd0\x0c\x59\x04\xa7\x24\xc2\xd6\xa3\xb0\
\xa5\xc2\x78\x28\xc0\x21\xea\x10\xf4\xbb\xd4\x5f\xef\xe7\xc0\xb5\
\x86\x3f\xd6\x42\x32\xda\x25\x92\x5f\xe8\xa6\xa0\xc8\x4d\x4a\x5a\
\x9c\xdd\xd9\x82\xe0\x00\x7c\xa7\x42\x6c\x5b\xe1\xa5\x6c\xb9\x0f\
\x7f\xa5\x8d\xf5\x86\x81\xf6\x6d\x55\x9f\xc0\xd4\x09\xd0\xa6\xa5\
\xd5\xd1\xc4\x06\xa7\x95\x07\xf2\xda\xc2\x23\x0e\x57\x19\xf4\x1f\
\xd6\x09\x19\xd0\xd5\xfa\x70\x27\xdc\xb1\xc8\x94\x50\xbe\x04\xfa\
\x5f\xf8\x66\x5d\x07\x80\x3c\x60\xc7\x25\x7e\x66\x7b\xb2\x0b\x92\
\xe9\x35\xda\xc3\xe5\xd7\xb8\xd0\x64\xdf\x17\x04\xcb\x09\x56\xeb\
\xec\xdf\x18\x60\xcb\x12\x2f\x15\x3b\xed\x5d\x1e\x48\x4d\x81\xbb\
\x46\xc3\xcf\x27\x43\xdf\x9e\x56\x47\x13\x3b\xc2\xe5\x81\xd9\x6f\
\xc1\x59\x03\xdd\xea\x4d\x41\x86\x0b\xc6\x0f\x84\x9f\x15\x69\x14\
\x38\x6c\xb4\xd3\xa8\x43\x60\x4d\x08\xba\x4d\x87\x0a\x03\x99\x84\
\x5a\x5c\xe4\x10\x58\x57\x09\x60\x0a\x97\x68\x18\xb0\x2b\xc9\x2e\
\x8d\xfc\x11\x1e\x86\x3e\x99\xc9\x15\xb7\xa6\xd1\x22\x27\xa9\x59\
\x2a\x50\x09\x82\x1d\x49\x48\x54\xe5\x81\xfc\x42\x37\xed\x7b\xa7\
\x50\xe5\xd3\xa9\x2c\x0f\xda\x52\x65\x30\x18\x84\x7f\x96\xc1\xcb\
\x6f\xc0\x27\xeb\x95\xec\x70\x7e\xae\x52\x1d\x8c\x27\xc2\xe5\x81\
\x27\xee\x83\xec\xd6\xb0\x6b\x2f\x9c\xac\x73\x50\xcc\x7a\xaa\x6a\
\x60\xe3\x3e\x98\xf9\x09\x7c\xb5\x1f\xda\x65\x3a\x47\x6e\x38\x21\
\xd1\x58\x19\x20\x41\x83\xbd\xa7\x61\xa3\x39\xc2\x79\x47\x81\xf3\
\x44\x86\xeb\xda\x26\xd7\x00\x8e\x98\x9c\x0d\xa7\xf9\xf3\x0b\xdd\
\xa4\xa6\xc7\xd9\x1d\x2a\x08\x71\x8c\xf7\x64\x88\xed\x2b\xbd\x94\
\x2e\xf3\x11\x38\x63\xef\xf2\x40\xc7\x6c\x78\xe4\x1e\xf8\xc9\x03\
\xd0\xaa\x85\xd5\xd1\xc4\x06\xa7\x95\x07\xfa\xe6\xc0\x13\xc3\x34\
\xee\xbf\x16\x3c\x29\x56\x47\x53\x3f\x46\x1d\x02\x3f\x3f\x00\x85\
\x73\x4d\x09\x65\x03\x30\xb0\xf6\x1b\x17\x1e\x00\x5c\xc0\x19\x94\
\x07\x80\x3d\xd1\xa0\xe3\x77\xdd\xfc\x39\xfd\x53\xe5\x49\x5f\x10\
\x1c\x4c\x4d\x40\x67\xe7\xc7\x7e\x4a\x3f\xb4\xbf\x09\x51\x9a\x1b\
\x1e\x18\xab\x0e\x02\x3d\xf2\xac\x8e\x26\x76\x94\xee\x52\xae\xac\
\xf3\xfe\xcf\xfe\xe5\x81\xec\x0c\x35\x46\xf8\xc4\x30\x8d\x0e\x59\
\x56\x47\x53\x37\x35\xe7\xa0\xea\x64\xf4\x27\x2a\x1d\xe8\x33\x03\
\xf6\x18\x77\xc9\x0d\x01\x99\xc0\xf7\x39\x89\x0b\xb7\xcf\x2b\x81\
\xaf\x0d\x7f\x4c\x0c\x48\x4c\xd6\xc8\x1d\x94\x4a\x9f\x31\x69\xb4\
\xec\x6c\xdf\xf3\x89\x20\x08\xd1\x71\xa4\xac\x9a\xd2\xa5\x5e\xf6\
\xae\xf7\xa3\xdb\x3b\x29\xc0\x90\x01\xf0\xf4\x83\x30\xf6\x26\xa5\
\x3a\x18\x8f\x9c\x39\x07\x6f\x2c\x81\x17\xe6\xa8\x43\x81\x9d\x49\
\x4e\x84\xdb\xae\x82\x9f\x8e\xd0\x18\x6c\xb3\xc3\x99\x1e\x54\x9a\
\x00\x46\xf8\xf7\xd5\xf0\xec\x1a\x53\xc2\xb9\x1a\xd8\x18\x7e\x71\
\xe1\x01\x60\x0c\xb0\xd8\x94\x8f\x31\x89\xf4\xec\x44\x7a\xdc\xe4\
\x21\x7f\x84\x4b\xba\xf9\x05\xa1\x19\x50\x59\x1e\xa4\xf4\x43\x2f\
\x3b\x3f\xf6\x51\xed\xb3\x77\x2e\xba\x7b\x2e\x3c\xf5\x80\x12\x18\
\xca\x88\x33\x21\x9b\x30\xa1\x10\x2c\xfd\x58\x79\x0f\x2c\x5f\x63\
\xff\xf2\xc0\xe0\x3c\xe5\x46\x38\xb6\x1f\x24\xd9\x64\xcb\x30\x2a\
\x0a\xb4\xed\x18\xf4\x7f\xd9\x94\x50\xee\x04\xde\x09\xbf\xb8\xf0\
\x00\x30\x1e\x58\x68\xca\xc7\x18\xa4\x55\x6e\x92\x12\xed\x19\x90\
\x1a\x77\x0d\x38\x82\x20\x34\x4c\x95\x57\x67\xc7\x6a\x1f\xdb\x57\
\xf8\xf0\x9d\xb6\x77\x4a\x20\x33\x1d\x26\xdd\x09\x8f\x8d\x57\x8a\
\x83\xf1\xca\xb6\xdd\x30\x63\x3e\xbc\x55\x0c\x55\xf6\x1e\xe8\x20\
\xa7\x25\x3c\x39\x4c\xb9\x11\x5a\xdd\x27\x10\xa8\xd0\x09\x19\xfc\
\xfb\x2a\x7a\x0d\x4a\x8d\x6b\x02\x4c\x04\xe6\x85\x5f\x5c\x78\x00\
\x88\x7b\xfd\x7f\x41\x10\x04\x41\x68\xa6\x3c\x08\xbc\x16\x7e\x71\
\xe1\xb3\xf5\xf1\x26\x0d\x45\x10\x04\x41\x10\x84\xa6\xe2\x44\xed\
\x17\x17\x1e\x00\xf6\x37\x61\x20\x82\x20\x08\x82\x20\x34\x1d\x07\
\x6b\xbf\xb8\xb0\x04\x90\x08\x54\x02\x0e\x15\x5e\x14\x04\x41\x10\
\x04\xa1\x0e\xaa\x80\x8c\xef\xfe\x0f\x5c\x9c\x01\x08\xa2\x7c\x00\
\x04\x41\x10\x04\x41\x88\x1f\xd6\x53\x6b\xf3\x87\x8b\x0f\x00\x00\
\xef\x36\x4d\x2c\x82\x20\x08\x82\x20\x34\x11\x17\xed\xed\x75\xe9\
\xe8\xb5\x05\xf6\x20\x65\x00\x41\x10\x04\x41\x88\x07\x02\x40\x17\
\xa0\xbc\xf6\x9b\x75\x65\x00\x2a\x80\x39\x4d\x11\x91\x20\x08\x82\
\x20\x08\x31\x67\x3e\x17\x6c\xfe\x70\x69\xcb\xdf\xf6\x40\x29\x10\
\xa7\xd6\x17\x82\x20\x08\x82\xd0\x2c\xf0\x02\xbd\x51\x99\xfd\xf3\
\xb8\x94\x8a\xf5\xd9\xef\xfe\x1b\x1d\xbb\x98\x04\x41\x10\x04\x41\
\x88\x31\xbf\x01\x96\xd6\xf5\x83\xfa\x6c\x2c\x36\x00\x3d\x51\x27\
\x07\x41\x10\x04\x41\x10\x9c\xc5\x62\x60\x1a\xca\x54\xf0\x22\x1a\
\x32\xd3\x4d\x07\x56\x02\xd7\x9a\x1c\x94\x20\x08\x82\x20\x08\xb1\
\x63\x03\x50\x88\xd2\xf6\xa9\x93\x86\x6c\x76\xce\x02\x37\x01\x9f\
\x99\x18\x94\x20\x08\x82\x20\x08\xb1\xe3\x73\xe0\x46\xea\xd9\xfc\
\xa1\xfe\x12\x40\x98\x00\xf0\x3a\x90\x89\x64\x02\x04\x41\x10\x04\
\xc1\xce\xcc\x07\xee\x02\xce\x34\xf4\x07\x1b\x2a\x01\x5c\x48\x21\
\xf0\x22\xaa\x37\x40\x10\x04\x41\x10\x04\x7b\xf0\x2d\xf0\x34\xf0\
\x7e\x63\x17\x44\x7a\x00\x00\x48\x41\xd9\x06\x3f\x0d\xf4\x8d\x62\
\xbd\x20\x08\x82\x20\x08\xe6\xf0\x0d\x30\x1d\x58\x80\xca\xd8\x37\
\x9a\x68\x0e\x00\xb5\xe9\x01\x8c\x01\x06\xa2\xa6\x05\xda\x01\x2d\
\x69\xb8\xb7\x40\x10\x04\x41\x10\x84\xc6\x13\x02\x4e\x02\x47\x80\
\x2d\xc0\x17\xa8\xa7\xfd\xd2\x68\x2f\xf8\xff\x02\x7d\xa2\xeb\xbc\
\xf8\x81\xa9\x00\x00\x00\x00\x49\x45\x4e\x44\xae\x42\x60\x82\
"

qt_resource_name = b"\
\x00\x07\
\x07\x3b\xe0\xb3\
\x00\x70\
\x00\x6c\x00\x75\x00\x67\x00\x69\x00\x6e\x00\x73\
\x00\x10\
\x00\x8d\x7b\xe2\
\x00\x50\
\x00\x61\x00\x6e\x00\x6f\x00\x53\x00\x74\x00\x72\x00\x65\x00\x65\x00\x74\x00\x56\x00\x69\x00\x65\x00\x77\x00\x5f\x00\x32\
\x00\x08\
\x0a\x61\x5a\xa7\
\x00\x69\
\x00\x63\x00\x6f\x00\x6e\x00\x2e\x00\x70\x00\x6e\x00\x67\
"

qt_resource_struct_v1 = b"\
\x00\x00\x00\x00\x00\x02\x00\x00\x00\x01\x00\x00\x00\x01\
\x00\x00\x00\x00\x00\x02\x00\x00\x00\x01\x00\x00\x00\x02\
\x00\x00\x00\x14\x00\x02\x00\x00\x00\x01\x00\x00\x00\x03\
\x00\x00\x00\x3a\x00\x00\x00\x00\x00\x01\x00\x00\x00\x00\
"

qt_resource_struct_v2 = b"\
\x00\x00\x00\x00\x00\x02\x00\x00\x00\x01\x00\x00\x00\x01\
\x00\x00\x00\x00\x00\x00\x00\x00\
\x00\x00\x00\x00\x00\x02\x00\x00\x00\x01\x00\x00\x00\x02\
\x00\x00\x00\x00\x00\x00\x00\x00\
\x00\x00\x00\x14\x00\x02\x00\x00\x00\x01\x00\x00\x00\x03\
\x00\x00\x00\x00\x00\x00\x00\x00\
\x00\x00\x00\x3a\x00\x00\x00\x00\x00\x01\x00\x00\x00\x00\
\x00\x00\x01\x8f\x44\x1d\x48\x58\
"

qt_version = [int(v) for v in QtCore.qVersion().split('.')]
if qt_version < [5, 8, 0]:
    rcc_version = 1
    qt_resource_struct = qt_resource_struct_v1
else:
    rcc_version = 2
    qt_resource_struct = qt_resource_struct_v2

def qInitResources():
    QtCore.qRegisterResourceData(rcc_version, qt_resource_struct, qt_resource_name, qt_resource_data)

def qCleanupResources():
    QtCore.qUnregisterResourceData(rcc_version, qt_resource_struct, qt_resource_name, qt_resource_data)

qInitResources()
